node_id,pdb_id,source_file,model_id,chain_id,residue_name,residue_number,insertion_code,x,y,z
0,1A3N,1A3N.pdb,0,A,VAL,1,,10.227999687194824,20.76099967956543,6.807000160217285
1,1A3N,1A3N.pdb,0,A,LEU,2,,6.624000072479248,21.451000213623047,7.763000011444092
2,1A3N,1A3N.pdb,0,A,SER,3,,4.830999851226807,23.23699951171875,4.927999973297119
3,1A3N,1A3N.pdb,0,A,PRO,4,,2.252000093460083,25.965999603271484,5.310999870300293
4,1A3N,1A3N.pdb,0,A,ALA,5,,-0.4569999873638153,23.367000579833984,4.513000011444092
5,1A3N,1A3N.pdb,0,A,ASP,6,,1.069000005722046,20.972000122070312,7.10099983215332
6,1A3N,1A3N.pdb,0,A,LYS,7,,0.9459999799728394,23.68600082397461,9.763999938964844
7,1A3N,1A3N.pdb,0,A,THR,8,,-2.6570000648498535,24.552000045776367,8.902999877929688
8,1A3N,1A3N.pdb,0,A,ASN,9,,-3.578000068664551,20.82900047302246,9.04800033569336
9,1A3N,1A3N.pdb,0,A,VAL,10,,-1.8680000305175781,20.308000564575195,12.381999969482422
10,1A3N,1A3N.pdb,0,A,LYS,11,,-3.565000057220459,23.34600067138672,13.951000213623047
11,1A3N,1A3N.pdb,0,A,ALA,12,,-6.956999778747559,22.357999801635742,12.597000122070312
12,1A3N,1A3N.pdb,0,A,ALA,13,,-6.646999835968018,18.788999557495117,13.878000259399414
13,1A3N,1A3N.pdb,0,A,TRP,14,,-5.211999893188477,19.711000442504883,17.304000854492188
14,1A3N,1A3N.pdb,0,A,GLY,15,,-7.756999969482422,22.527999877929688,17.55500030517578
15,1A3N,1A3N.pdb,0,A,LYS,16,,-10.567000389099121,19.93400001525879,17.190000534057617
16,1A3N,1A3N.pdb,0,A,VAL,17,,-8.862000465393066,17.802000045776367,19.902000427246094
17,1A3N,1A3N.pdb,0,A,GLY,18,,-9.345999717712402,20.83099937438965,22.076000213623047
18,1A3N,1A3N.pdb,0,A,ALA,19,,-9.97599983215332,20.020000457763672,25.729999542236328
19,1A3N,1A3N.pdb,0,A,HIS,20,,-9.621000289916992,16.236000061035156,25.200000762939453
20,1A3N,1A3N.pdb,0,A,ALA,21,,-5.867000102996826,16.641000747680664,24.591999053955078
21,1A3N,1A3N.pdb,0,A,GLY,22,,-4.880000114440918,15.26200008392334,28.03700065612793
22,1A3N,1A3N.pdb,0,A,GLU,23,,-7.23799991607666,12.272000312805176,27.729999542236328
23,1A3N,1A3N.pdb,0,A,TYR,24,,-5.834000110626221,11.496000289916992,24.246000289916992
24,1A3N,1A3N.pdb,0,A,GLY,25,,-2.242000102996826,11.795999526977539,25.458999633789062
25,1A3N,1A3N.pdb,0,A,ALA,26,,-2.9839999675750732,9.187999725341797,28.214000701904297
26,1A3N,1A3N.pdb,0,A,GLU,27,,-4.710999965667725,6.900000095367432,25.6560001373291
27,1A3N,1A3N.pdb,0,A,ALA,28,,-1.7020000219345093,7.160999774932861,23.31800079345703
28,1A3N,1A3N.pdb,0,A,LEU,29,,0.6669999957084656,6.140999794006348,26.190000534057617
29,1A3N,1A3N.pdb,0,A,GLU,30,,-1.6649999618530273,3.194999933242798,27.034000396728516
30,1A3N,1A3N.pdb,0,A,ARG,31,,-1.7039999961853027,2.183000087738037,23.36400032043457
31,1A3N,1A3N.pdb,0,A,MET,32,,2.0889999866485596,2.3429999351501465,23.33799934387207
32,1A3N,1A3N.pdb,0,A,PHE,33,,2.555999994277954,0.25999999046325684,26.517000198364258
33,1A3N,1A3N.pdb,0,A,LEU,34,,0.30799999833106995,-2.5350000858306885,25.246000289916992
34,1A3N,1A3N.pdb,0,A,SER,35,,1.5049999952316284,-2.5179998874664307,21.628999710083008
35,1A3N,1A3N.pdb,0,A,PHE,36,,5.216000080108643,-2.0450000762939453,22.25200080871582
36,1A3N,1A3N.pdb,0,A,PRO,37,,5.986999988555908,-3.5829999446868896,25.663999557495117
37,1A3N,1A3N.pdb,0,A,THR,38,,9.668999671936035,-2.621999979019165,25.652000427246094
38,1A3N,1A3N.pdb,0,A,THR,39,,8.565999984741211,1.0429999828338623,26.166000366210938
39,1A3N,1A3N.pdb,0,A,LYS,40,,7.436999797821045,0.04399999976158142,29.68000030517578
40,1A3N,1A3N.pdb,0,A,THR,41,,11.131999969482422,-0.1889999955892563,30.69099998474121
41,1A3N,1A3N.pdb,0,A,TYR,42,,11.178999900817871,3.61899995803833,31.132999420166016
42,1A3N,1A3N.pdb,0,A,PHE,43,,8.373000144958496,3.5329999923706055,33.736000061035156
43,1A3N,1A3N.pdb,0,A,PRO,44,,9.187999725341797,1.0379999876022339,36.518001556396484
44,1A3N,1A3N.pdb,0,A,HIS,45,,7.960000038146973,3.5799999237060547,39.07600021362305
45,1A3N,1A3N.pdb,0,A,PHE,46,,4.482999801635742,3.631999969482422,37.49800109863281
46,1A3N,1A3N.pdb,0,A,ASP,47,,1.4110000133514404,1.5069999694824219,37.888999938964844
47,1A3N,1A3N.pdb,0,A,LEU,48,,0.7039999961853027,1.0609999895095825,34.141998291015625
48,1A3N,1A3N.pdb,0,A,SER,49,,-2.703000068664551,-0.6140000224113464,34.44499969482422
49,1A3N,1A3N.pdb,0,A,HIS,50,,-5.611000061035156,0.7350000143051147,32.46900177001953
50,1A3N,1A3N.pdb,0,A,GLY,51,,-6.984000205993652,3.884000062942505,34.12799835205078
51,1A3N,1A3N.pdb,0,A,SER,52,,-3.7850000858306885,4.598999977111816,36.06100082397461
52,1A3N,1A3N.pdb,0,A,ALA,53,,-3.6510000228881836,8.164999961853027,37.38999938964844
53,1A3N,1A3N.pdb,0,A,GLN,54,,0.10899999737739563,8.196999549865723,36.83700180053711
54,1A3N,1A3N.pdb,0,A,VAL,55,,-0.3720000088214874,7.466000080108643,33.12300109863281
55,1A3N,1A3N.pdb,0,A,LYS,56,,-3.203000068664551,10.043000221252441,32.98500061035156
56,1A3N,1A3N.pdb,0,A,GLY,57,,-1.0390000343322754,12.71399974822998,34.63999938964844
57,1A3N,1A3N.pdb,0,A,HIS,58,,1.8730000257492065,11.887999534606934,32.316001892089844
58,1A3N,1A3N.pdb,0,A,GLY,59,,-0.5509999990463257,11.91100025177002,29.3700008392334
59,1A3N,1A3N.pdb,0,A,LYS,60,,-1.687999963760376,15.4350004196167,30.274999618530273
60,1A3N,1A3N.pdb,0,A,LYS,61,,1.9570000171661377,16.66200065612793,30.35700035095215
61,1A3N,1A3N.pdb,0,A,VAL,62,,2.7090001106262207,15.095999717712402,26.96500015258789
62,1A3N,1A3N.pdb,0,A,ALA,63,,-0.4359999895095825,16.613000869750977,25.45199966430664
63,1A3N,1A3N.pdb,0,A,ASP,64,,0.26600000262260437,20.055999755859375,26.954999923706055
64,1A3N,1A3N.pdb,0,A,ALA,65,,3.7939999103546143,19.917999267578125,25.46299934387207
65,1A3N,1A3N.pdb,0,A,LEU,66,,2.2360000610351562,19.066999435424805,22.073999404907227
66,1A3N,1A3N.pdb,0,A,THR,67,,-0.15199999511241913,22.003000259399414,22.476999282836914
67,1A3N,1A3N.pdb,0,A,ASN,68,,2.8440001010894775,24.24799919128418,23.18000030517578
68,1A3N,1A3N.pdb,0,A,ALA,69,,4.644999980926514,22.881999969482422,20.108999252319336
69,1A3N,1A3N.pdb,0,A,VAL,70,,1.5870000123977661,23.54800033569336,17.882999420166016
70,1A3N,1A3N.pdb,0,A,ALA,71,,1.4119999408721924,27.091999053955078,19.288000106811523
71,1A3N,1A3N.pdb,0,A,HIS,72,,5.0929999351501465,27.628999710083008,18.43000030517578
72,1A3N,1A3N.pdb,0,A,VAL,73,,5.142000198364258,25.549999237060547,15.244000434875488
73,1A3N,1A3N.pdb,0,A,ASP,74,,7.632999897003174,27.972999572753906,13.552000045776367
74,1A3N,1A3N.pdb,0,A,ASP,75,,9.871000289916992,28.072999954223633,16.660999298095703
75,1A3N,1A3N.pdb,0,A,MET,76,,9.75,24.583999633789062,18.058000564575195
76,1A3N,1A3N.pdb,0,A,PRO,77,,13.354999542236328,24.062999725341797,19.190000534057617
77,1A3N,1A3N.pdb,0,A,ASN,78,,13.185999870300293,26.84000015258789,21.788999557495117
78,1A3N,1A3N.pdb,0,A,ALA,79,,9.652999877929688,25.983999252319336,22.972000122070312
79,1A3N,1A3N.pdb,0,A,LEU,80,,10.725000381469727,22.395999908447266,23.628999710083008
80,1A3N,1A3N.pdb,0,A,SER,81,,14.27299976348877,23.16900062561035,24.81399917602539
81,1A3N,1A3N.pdb,0,A,ALA,82,,13.732999801635742,22.219999313354492,28.434999465942383
82,1A3N,1A3N.pdb,0,A,LEU,83,,12.102999687194824,18.94300079345703,27.354999542236328
83,1A3N,1A3N.pdb,0,A,SER,84,,15.00100040435791,18.267000198364258,24.947999954223633
84,1A3N,1A3N.pdb,0,A,ASP,85,,17.41200065612793,18.738000869750977,27.86400032043457
85,1A3N,1A3N.pdb,0,A,LEU,86,,15.36299991607666,16.474000930786133,30.138999938964844
86,1A3N,1A3N.pdb,0,A,HIS,87,,15.055000305175781,13.628000259399414,27.708999633789062
87,1A3N,1A3N.pdb,0,A,ALA,88,,18.68600082397461,13.904999732971191,26.558000564575195
88,1A3N,1A3N.pdb,0,A,HIS,89,,20.37700080871582,14.104999542236328,29.941999435424805
89,1A3N,1A3N.pdb,0,A,LYS,90,,18.06100082397461,12.706000328063965,32.625
90,1A3N,1A3N.pdb,0,A,LEU,91,,15.371999740600586,10.383000373840332,31.231000900268555
91,1A3N,1A3N.pdb,0,A,ARG,92,,17.586000442504883,9.196999549865723,28.4060001373291
92,1A3N,1A3N.pdb,0,A,VAL,93,,14.862000465393066,7.422999858856201,26.459999084472656
93,1A3N,1A3N.pdb,0,A,ASP,94,,16.340999603271484,5.609000205993652,23.481000900268555
94,1A3N,1A3N.pdb,0,A,PRO,95,,15.484000205993652,7.626999855041504,20.363000869750977
95,1A3N,1A3N.pdb,0,A,VAL,96,,13.755999565124512,4.59499979019165,18.746999740600586
96,1A3N,1A3N.pdb,0,A,ASN,97,,10.831000328063965,4.9039998054504395,21.174999237060547
97,1A3N,1A3N.pdb,0,A,PHE,98,,9.765000343322754,8.326000213623047,19.885000228881836
98,1A3N,1A3N.pdb,0,A,LYS,99,,8.505999565124512,6.756999969482422,16.638999938964844
99,1A3N,1A3N.pdb,0,A,LEU,100,,6.416999816894531,4.290999889373779,18.701000213623047
100,1A3N,1A3N.pdb,0,A,LEU,101,,4.697000026702881,6.974999904632568,20.775999069213867
101,1A3N,1A3N.pdb,0,A,SER,102,,4.208000183105469,9.13599967956543,17.617000579833984
102,1A3N,1A3N.pdb,0,A,HIS,103,,2.447000026702881,6.2170000076293945,15.871999740600586
103,1A3N,1A3N.pdb,0,A,CYS,104,,0.25999999046325684,5.679999828338623,18.929000854492188
104,1A3N,1A3N.pdb,0,A,LEU,105,,-0.5709999799728394,9.406000137329102,19.034000396728516
105,1A3N,1A3N.pdb,0,A,LEU,106,,-1.5049999952316284,9.145000457763672,15.352999687194824
106,1A3N,1A3N.pdb,0,A,VAL,107,,-3.7320001125335693,6.130000114440918,16.04199981689453
107,1A3N,1A3N.pdb,0,A,THR,108,,-5.394000053405762,7.840000152587891,18.9950008392334
108,1A3N,1A3N.pdb,0,A,LEU,109,,-6.110000133514404,10.923999786376953,16.839000701904297
109,1A3N,1A3N.pdb,0,A,ALA,110,,-7.519999980926514,8.723999977111816,14.020000457763672
110,1A3N,1A3N.pdb,0,A,ALA,111,,-9.842000007629395,6.958000183105469,16.488000869750977
111,1A3N,1A3N.pdb,0,A,HIS,112,,-11.156000137329102,10.321000099182129,17.739999771118164
112,1A3N,1A3N.pdb,0,A,LEU,113,,-11.270000457763672,12.383000373840332,14.505999565124512
113,1A3N,1A3N.pdb,0,A,PRO,114,,-13.524999618530273,10.70300006866455,11.937999725341797
114,1A3N,1A3N.pdb,0,A,ALA,115,,-13.991999626159668,13.869000434875488,9.897000312805176
115,1A3N,1A3N.pdb,0,A,GLU,116,,-10.565999984741211,15.482999801635742,10.244000434875488
116,1A3N,1A3N.pdb,0,A,PHE,117,,-8.20199966430664,12.520000457763672,9.833999633789062
117,1A3N,1A3N.pdb,0,A,THR,118,,-8.074999809265137,12.687000274658203,6.01200008392334
118,1A3N,1A3N.pdb,0,A,PRO,119,,-5.0289998054504395,11.310999870300293,4.131999969482422
119,1A3N,1A3N.pdb,0,A,ALA,120,,-3.5369999408721924,14.8100004196167,3.9179999828338623
120,1A3N,1A3N.pdb,0,A,VAL,121,,-4.072000026702881,15.531000137329102,7.604000091552734
121,1A3N,1A3N.pdb,0,A,HIS,122,,-2.621000051498413,12.107999801635742,8.52299976348877
122,1A3N,1A3N.pdb,0,A,ALA,123,,0.47699999809265137,12.934000015258789,6.506999969482422
123,1A3N,1A3N.pdb,0,A,SER,124,,0.8899999856948853,16.371999740600586,8.071999549865723
124,1A3N,1A3N.pdb,0,A,LEU,125,,0.38499999046325684,14.972999572753906,11.585000038146973
125,1A3N,1A3N.pdb,0,A,ASP,126,,2.990999937057495,12.246000289916992,10.939000129699707
126,1A3N,1A3N.pdb,0,A,LYS,127,,5.484000205993652,14.868000030517578,9.79699993133545
127,1A3N,1A3N.pdb,0,A,PHE,128,,4.688000202178955,17.062999725341797,12.793999671936035
128,1A3N,1A3N.pdb,0,A,LEU,129,,5.235000133514404,14.28600025177002,15.357000350952148
129,1A3N,1A3N.pdb,0,A,ALA,130,,8.46500015258789,13.255999565124512,13.62399959564209
130,1A3N,1A3N.pdb,0,A,SER,131,,9.637999534606934,16.909000396728516,13.805000305175781
131,1A3N,1A3N.pdb,0,A,VAL,132,,8.70300006866455,17.113000869750977,17.507999420166016
132,1A3N,1A3N.pdb,0,A,SER,133,,10.522000312805176,13.78499984741211,18.016000747680664
133,1A3N,1A3N.pdb,0,A,THR,134,,13.621000289916992,15.118000030517578,16.232999801635742
134,1A3N,1A3N.pdb,0,A,VAL,135,,13.67300033569336,18.257999420166016,18.422000885009766
135,1A3N,1A3N.pdb,0,A,LEU,136,,13.279000282287598,16.124000549316406,21.55900001525879
136,1A3N,1A3N.pdb,0,A,THR,137,,16.29199981689453,13.961999893188477,20.67799949645996
137,1A3N,1A3N.pdb,0,A,SER,138,,18.426000595092773,16.839000701904297,19.270000457763672
138,1A3N,1A3N.pdb,0,A,LYS,139,,20.667999267578125,17.229000091552734,22.33799934387207
139,1A3N,1A3N.pdb,0,A,TYR,140,,21.285999298095703,13.536999702453613,23.018999099731445
140,1A3N,1A3N.pdb,0,A,ARG,141,,24.863000869750977,13.70199966430664,21.80500030517578
141,1A3N,1A3N.pdb,0,B,HIS,2,,2.694999933242798,-14.734000205993652,19.743999481201172
142,1A3N,1A3N.pdb,0,B,LEU,3,,-0.953000009059906,-13.774999618530273,19.722999572753906
143,1A3N,1A3N.pdb,0,B,THR,4,,-2.8350000381469727,-14.842000007629395,22.847000122070312
144,1A3N,1A3N.pdb,0,B,PRO,5,,-6.328999996185303,-16.381000518798828,22.483999252319336
145,1A3N,1A3N.pdb,0,B,GLU,6,,-7.940000057220459,-13.088000297546387,23.527999877929688
146,1A3N,1A3N.pdb,0,B,GLU,7,,-5.755000114440918,-11.508999824523926,20.770000457763672
147,1A3N,1A3N.pdb,0,B,LYS,8,,-6.685999870300293,-14.029000282287598,18.082000732421875
148,1A3N,1A3N.pdb,0,B,SER,9,,-10.395000457763672,-13.5600004196167,18.90999984741211
149,1A3N,1A3N.pdb,0,B,ALA,10,,-10.041999816894531,-9.770999908447266,18.88800048828125
150,1A3N,1A3N.pdb,0,B,VAL,11,,-8.378999710083008,-9.92199993133545,15.439000129699707
151,1A3N,1A3N.pdb,0,B,THR,12,,-11.022000312805176,-12.253999710083008,14.005000114440918
152,1A3N,1A3N.pdb,0,B,ALA,13,,-13.970000267028809,-10.338000297546387,15.472999572753906
153,1A3N,1A3N.pdb,0,B,LEU,14,,-12.878999710083008,-6.9770002365112305,14.053999900817871
154,1A3N,1A3N.pdb,0,B,TRP,15,,-11.937000274658203,-8.560999870300293,10.692000389099121
155,1A3N,1A3N.pdb,0,B,GLY,16,,-15.550999641418457,-9.812000274658203,10.244000434875488
156,1A3N,1A3N.pdb,0,B,LYS,17,,-16.56399917602539,-6.107999801635742,9.854999542236328
157,1A3N,1A3N.pdb,0,B,VAL,18,,-13.788999557495117,-5.1020002365112305,7.433000087738037
158,1A3N,1A3N.pdb,0,B,ASN,19,,-14.718000411987305,-4.63100004196167,3.7920000553131104
159,1A3N,1A3N.pdb,0,B,VAL,20,,-11.336999893188477,-5.900000095367432,2.5439999103546143
160,1A3N,1A3N.pdb,0,B,ASP,21,,-11.659000396728516,-4.311999797821045,-0.8769999742507935
161,1A3N,1A3N.pdb,0,B,GLU,22,,-12.447999954223633,-0.8500000238418579,0.5490000247955322
162,1A3N,1A3N.pdb,0,B,VAL,23,,-9.949000358581543,-0.972000002861023,3.4189999103546143
163,1A3N,1A3N.pdb,0,B,GLY,24,,-7.188000202178955,-2.2780001163482666,1.0729999542236328
164,1A3N,1A3N.pdb,0,B,GLY,25,,-7.776000022888184,0.640999972820282,-1.3250000476837158
165,1A3N,1A3N.pdb,0,B,GLU,26,,-7.7129998207092285,3.117000102996826,1.5820000171661377
166,1A3N,1A3N.pdb,0,B,ALA,27,,-4.583000183105469,1.6990000009536743,3.184999942779541
167,1A3N,1A3N.pdb,0,B,LEU,28,,-2.614000082015991,1.4980000257492065,-0.04800000041723251
168,1A3N,1A3N.pdb,0,B,GLY,29,,-3.700000047683716,5.0370001792907715,-1.0820000171661377
169,1A3N,1A3N.pdb,0,B,ARG,30,,-2.7279999256134033,6.394000053405762,2.3550000190734863
170,1A3N,1A3N.pdb,0,B,LEU,31,,0.6549999713897705,4.644999980926514,2.1549999713897705
171,1A3N,1A3N.pdb,0,B,LEU,32,,1.3209999799728394,6.505000114440918,-1.1050000190734863
172,1A3N,1A3N.pdb,0,B,VAL,33,,0.1469999998807907,9.86400032043457,0.39100000262260437
173,1A3N,1A3N.pdb,0,B,VAL,34,,1.843000054359436,9.623000144958496,3.819000005722046
174,1A3N,1A3N.pdb,0,B,TYR,35,,5.1529998779296875,8.0600004196167,2.6089999675750732
175,1A3N,1A3N.pdb,0,B,PRO,36,,5.2829999923706055,9.291999816894531,-1.0260000228881836
176,1A3N,1A3N.pdb,0,B,TRP,37,,8.644000053405762,7.676000118255615,-1.8320000171661377
177,1A3N,1A3N.pdb,0,B,THR,38,,6.589000225067139,4.4079999923706055,-1.8279999494552612
178,1A3N,1A3N.pdb,0,B,GLN,39,,5.165999889373779,5.630000114440918,-5.210000038146973
179,1A3N,1A3N.pdb,0,B,ARG,40,,8.470000267028809,4.363999843597412,-6.736000061035156
180,1A3N,1A3N.pdb,0,B,PHE,41,,6.807000160217285,0.8700000047683716,-7.105999946594238
181,1A3N,1A3N.pdb,0,B,PHE,42,,3.746000051498413,2.246000051498413,-8.904999732971191
182,1A3N,1A3N.pdb,0,B,GLU,43,,5.140999794006348,4.182000160217285,-11.892999649047852
183,1A3N,1A3N.pdb,0,B,SER,44,,2.5859999656677246,2.7239999771118164,-14.3100004196167
184,1A3N,1A3N.pdb,0,B,PHE,45,,-0.48500001430511475,3.4200000762939453,-12.098999977111816
185,1A3N,1A3N.pdb,0,B,GLY,46,,-1.4119999408721924,6.824999809265137,-13.532999992370605
186,1A3N,1A3N.pdb,0,B,ASP,47,,-2.1050000190734863,10.01099967956543,-11.654000282287598
187,1A3N,1A3N.pdb,0,B,LEU,48,,-0.5640000104904175,10.156000137329102,-8.192999839782715
188,1A3N,1A3N.pdb,0,B,SER,49,,-0.0949999988079071,13.944000244140625,-8.255000114440918
189,1A3N,1A3N.pdb,0,B,THR,50,,-2.2039999961853027,14.92199993133545,-5.184000015258789
190,1A3N,1A3N.pdb,0,B,PRO,51,,-3.868000030517578,13.097000122070312,-2.260999917984009
191,1A3N,1A3N.pdb,0,B,ASP,52,,-7.28000020980835,13.104999542236328,-3.9519999027252197
192,1A3N,1A3N.pdb,0,B,ALA,53,,-5.75600004196167,11.765999794006348,-7.179999828338623
193,1A3N,1A3N.pdb,0,B,VAL,54,,-3.9670000076293945,8.975000381469727,-5.293000221252441
194,1A3N,1A3N.pdb,0,B,MET,55,,-7.035999774932861,8.052000045776367,-3.2320001125335693
195,1A3N,1A3N.pdb,0,B,GLY,56,,-9.394000053405762,7.98199987411499,-6.21999979019165
196,1A3N,1A3N.pdb,0,B,ASN,57,,-6.949999809265137,6.201000213623047,-8.588000297546387
197,1A3N,1A3N.pdb,0,B,PRO,58,,-8.625,3.0399999618530273,-9.887999534606934
198,1A3N,1A3N.pdb,0,B,LYS,59,,-5.291999816894531,1.1640000343322754,-10.168999671936035
199,1A3N,1A3N.pdb,0,B,VAL,60,,-4.4039998054504395,2.065000057220459,-6.577000141143799
200,1A3N,1A3N.pdb,0,B,LYS,61,,-7.828000068664551,0.8870000243186951,-5.454999923706055
201,1A3N,1A3N.pdb,0,B,ALA,62,,-7.513000011444092,-2.3559999465942383,-7.461999893188477
202,1A3N,1A3N.pdb,0,B,HIS,63,,-4.039999961853027,-3.1760001182556152,-6.1519999504089355
203,1A3N,1A3N.pdb,0,B,GLY,64,,-5.126999855041504,-2.306999921798706,-2.624000072479248
204,1A3N,1A3N.pdb,0,B,LYS,65,,-7.922999858856201,-4.882999897003174,-2.953000068664551
205,1A3N,1A3N.pdb,0,B,LYS,66,,-5.435999870300293,-7.5370001792907715,-4.085999965667725
206,1A3N,1A3N.pdb,0,B,VAL,67,,-2.86299991607666,-6.781000137329102,-1.437999963760376
207,1A3N,1A3N.pdb,0,B,LEU,68,,-5.302000045776367,-6.742000102996826,1.4589999914169312
208,1A3N,1A3N.pdb,0,B,GLY,69,,-7.053999900817871,-9.798999786376953,0.006000000052154064
209,1A3N,1A3N.pdb,0,B,ALA,70,,-3.7939999103546143,-11.78499984741211,0.4320000112056732
210,1A3N,1A3N.pdb,0,B,PHE,71,,-3.361999988555908,-10.262999534606934,3.8940000534057617
211,1A3N,1A3N.pdb,0,B,SER,72,,-6.925000190734863,-11.338000297546387,4.798999786376953
212,1A3N,1A3N.pdb,0,B,ASP,73,,-6.228000164031982,-14.852999687194824,3.571000099182129
213,1A3N,1A3N.pdb,0,B,GLY,74,,-3.1730000972747803,-14.946999549865723,5.863999843597412
214,1A3N,1A3N.pdb,0,B,LEU,75,,-5.421999931335449,-14.236000061035156,8.890999794006348
215,1A3N,1A3N.pdb,0,B,ALA,76,,-6.738999843597412,-17.836000442504883,8.678999900817871
216,1A3N,1A3N.pdb,0,B,HIS,77,,-3.134999990463257,-19.082000732421875,9.215999603271484
217,1A3N,1A3N.pdb,0,B,LEU,78,,-1.781000018119812,-16.957000732421875,12.104999542236328
218,1A3N,1A3N.pdb,0,B,ASP,79,,0.3569999933242798,-19.788999557495117,13.491000175476074
219,1A3N,1A3N.pdb,0,B,ASN,80,,2.0910000801086426,-20.28700065612793,10.071999549865723
220,1A3N,1A3N.pdb,0,B,LEU,81,,2.556999921798706,-16.865999221801758,8.5
221,1A3N,1A3N.pdb,0,B,LYS,82,,6.071000099182129,-17.740999221801758,7.250999927520752
222,1A3N,1A3N.pdb,0,B,GLY,83,,4.741000175476074,-20.70599937438965,5.252999782562256
223,1A3N,1A3N.pdb,0,B,THR,84,,1.6230000257492065,-18.8700008392334,4.124000072479248
224,1A3N,1A3N.pdb,0,B,PHE,85,,3.546999931335449,-15.932000160217285,2.609999895095825
225,1A3N,1A3N.pdb,0,B,ALA,86,,6.671999931335449,-17.770999908447266,1.371000051498413
226,1A3N,1A3N.pdb,0,B,THR,87,,5.677999973297119,-17.672000885009766,-2.321000099182129
227,1A3N,1A3N.pdb,0,B,LEU,88,,4.785999774932861,-13.980999946594238,-2.2079999446868896
228,1A3N,1A3N.pdb,0,B,SER,89,,7.989999771118164,-13.246000289916992,-0.2240000069141388
229,1A3N,1A3N.pdb,0,B,GLU,90,,10.116000175476074,-14.73799991607666,-2.9830000400543213
230,1A3N,1A3N.pdb,0,B,LEU,91,,8.102999687194824,-12.79800033569336,-5.572000026702881
231,1A3N,1A3N.pdb,0,B,HIS,92,,8.579000473022461,-9.482000350952148,-3.7790000438690186
232,1A3N,1A3N.pdb,0,B,CYS,93,,12.298999786376953,-10.125,-3.4519999027252197
233,1A3N,1A3N.pdb,0,B,ASP,94,,13.277999877929688,-11.706000328063965,-6.7870001792907715
234,1A3N,1A3N.pdb,0,B,LYS,95,,10.847000122070312,-10.125,-9.185999870300293
235,1A3N,1A3N.pdb,0,B,LEU,96,,9.394000053405762,-6.9730000495910645,-7.644000053405762
236,1A3N,1A3N.pdb,0,B,HIS,97,,12.526000022888184,-5.803999900817871,-5.788000106811523
237,1A3N,1A3N.pdb,0,B,VAL,98,,10.440999984741211,-4.382999897003174,-2.9140000343322754
238,1A3N,1A3N.pdb,0,B,ASP,99,,12.3100004196167,-3.3499999046325684,0.20900000631809235
239,1A3N,1A3N.pdb,0,B,PRO,100,,10.585000038146973,-5.14300012588501,3.135999917984009
240,1A3N,1A3N.pdb,0,B,GLU,101,,10.470999717712402,-1.8350000381469727,5.111000061035156
241,1A3N,1A3N.pdb,0,B,ASN,102,,7.434000015258789,-1.0679999589920044,2.812999963760376
242,1A3N,1A3N.pdb,0,B,PHE,103,,5.5289998054504395,-3.9549999237060547,4.4770002365112305
243,1A3N,1A3N.pdb,0,B,ARG,104,,6.151000022888184,-2.3389999866485596,7.885000228881836
244,1A3N,1A3N.pdb,0,B,LEU,105,,4.980000019073486,1.0839999914169312,6.638000011444092
245,1A3N,1A3N.pdb,0,B,LEU,106,,1.8209999799728394,-0.527999997138977,5.144000053405762
246,1A3N,1A3N.pdb,0,B,GLY,107,,1.1640000343322754,-2.257999897003174,8.496000289916992
247,1A3N,1A3N.pdb,0,B,ASN,108,,1.2599999904632568,1.0779999494552612,10.38599967956543
248,1A3N,1A3N.pdb,0,B,VAL,109,,-1.0240000486373901,2.8010001182556152,7.829999923706055
249,1A3N,1A3N.pdb,0,B,LEU,110,,-3.447000026702881,-0.15800000727176666,7.992000102996826
250,1A3N,1A3N.pdb,0,B,VAL,111,,-3.568000078201294,0.18799999356269836,11.843999862670898
251,1A3N,1A3N.pdb,0,B,CYS,112,,-4.290999889373779,3.9019999504089355,11.402999877929688
252,1A3N,1A3N.pdb,0,B,VAL,113,,-7.066999912261963,3.1579999923706055,8.857000350952148
253,1A3N,1A3N.pdb,0,B,LEU,114,,-8.720999717712402,0.6159999966621399,11.1850004196167
254,1A3N,1A3N.pdb,0,B,ALA,115,,-8.526000022888184,3.1519999504089355,14.008999824523926
255,1A3N,1A3N.pdb,0,B,HIS,116,,-10.019000053405762,5.894000053405762,11.795000076293945
256,1A3N,1A3N.pdb,0,B,HIS,117,,-12.769000053405762,3.6480000019073486,10.397000312805176
257,1A3N,1A3N.pdb,0,B,PHE,118,,-13.782999992370605,1.8380000591278076,13.593000411987305
258,1A3N,1A3N.pdb,0,B,GLY,119,,-13.197999954223633,4.59499979019165,16.179000854492188
259,1A3N,1A3N.pdb,0,B,LYS,120,,-13.619000434875488,3.6389999389648438,19.840999603271484
260,1A3N,1A3N.pdb,0,B,GLU,121,,-14.067000389099121,-0.11100000143051147,19.06100082397461
261,1A3N,1A3N.pdb,0,B,PHE,122,,-10.392999649047852,-0.23600000143051147,17.97800064086914
262,1A3N,1A3N.pdb,0,B,THR,123,,-9.307999610900879,-0.2290000021457672,21.62700080871582
263,1A3N,1A3N.pdb,0,B,PRO,124,,-5.730999946594238,-0.32499998807907104,22.981000900268555
264,1A3N,1A3N.pdb,0,B,PRO,125,,-5.8420000076293945,-4.126999855041504,23.364999771118164
265,1A3N,1A3N.pdb,0,B,VAL,126,,-7.361000061035156,-4.620999813079834,19.893999099731445
266,1A3N,1A3N.pdb,0,B,GLN,127,,-4.632999897003174,-2.4059998989105225,18.434999465942383
267,1A3N,1A3N.pdb,0,B,ALA,128,,-1.9529999494552612,-4.433000087738037,20.256000518798828
268,1A3N,1A3N.pdb,0,B,ALA,129,,-3.309999942779541,-7.644000053405762,18.68899917602539
269,1A3N,1A3N.pdb,0,B,TYR,130,,-3.247999906539917,-5.998000144958496,15.210000038146973
270,1A3N,1A3N.pdb,0,B,GLN,131,,0.3009999990463257,-4.708000183105469,15.781999588012695
271,1A3N,1A3N.pdb,0,B,LYS,132,,1.4470000267028809,-8.291000366210938,16.375
272,1A3N,1A3N.pdb,0,B,VAL,133,,-0.335999995470047,-9.37399959564209,13.166000366210938
273,1A3N,1A3N.pdb,0,B,VAL,134,,1.0750000476837158,-6.589000225067139,10.944999694824219
274,1A3N,1A3N.pdb,0,B,ALA,135,,4.578000068664551,-7.243000030517578,12.355999946594238
275,1A3N,1A3N.pdb,0,B,GLY,136,,4.13700008392334,-11.003000259399414,11.755999565124512
276,1A3N,1A3N.pdb,0,B,VAL,137,,2.9140000343322754,-10.54699993133545,8.177000045776367
277,1A3N,1A3N.pdb,0,B,ALA,138,,5.748000144958496,-8.112000465393066,7.323999881744385
278,1A3N,1A3N.pdb,0,B,ASN,139,,8.303999900817871,-10.519000053405762,8.831000328063965
279,1A3N,1A3N.pdb,0,B,ALA,140,,6.784999847412109,-13.449999809265137,6.872000217437744
280,1A3N,1A3N.pdb,0,B,LEU,141,,6.908999919891357,-11.487000465393066,3.6110000610351562
281,1A3N,1A3N.pdb,0,B,ALA,142,,10.526000022888184,-10.501999855041504,4.309000015258789
282,1A3N,1A3N.pdb,0,B,HIS,143,,11.619999885559082,-14.020999908447266,5.2789998054504395
283,1A3N,1A3N.pdb,0,B,LYS,144,,12.673999786376953,-15.340999603271484,1.875
284,1A3N,1A3N.pdb,0,B,TYR,145,,14.687999725341797,-12.267000198364258,0.9089999794960022
285,1A3N,1A3N.pdb,0,B,HIS,146,,18.340999603271484,-12.944999694824219,0.05999999865889549
286,1A3N,1A3N.pdb,0,C,VAL,1,,24.280000686645508,19.1200008392334,15.550000190734863
287,1A3N,1A3N.pdb,0,C,LEU,2,,27.937000274658203,18.636999130249023,14.6850004196167
288,1A3N,1A3N.pdb,0,C,SER,3,,30.024999618530273,20.347999572753906,17.325000762939453
289,1A3N,1A3N.pdb,0,C,PRO,4,,33.2140007019043,22.138999938964844,16.315000534057617
290,1A3N,1A3N.pdb,0,C,ALA,5,,35.13199996948242,19.195999145507812,17.834999084472656
291,1A3N,1A3N.pdb,0,C,ASP,6,,33.08300018310547,16.763999938964844,15.737000465393066
292,1A3N,1A3N.pdb,0,C,LYS,7,,33.9630012512207,18.724000930786133,12.61400032043457
293,1A3N,1A3N.pdb,0,C,THR,8,,37.652000427246094,18.709999084472656,13.545000076293945
294,1A3N,1A3N.pdb,0,C,ASN,9,,37.534000396728516,14.930000305175781,14.177000045776367
295,1A3N,1A3N.pdb,0,C,VAL,10,,35.755001068115234,14.21399974822998,10.848999977111816
296,1A3N,1A3N.pdb,0,C,LYS,11,,38.10300064086914,16.416000366210938,8.788999557495117
297,1A3N,1A3N.pdb,0,C,ALA,12,,41.13199996948242,14.642999649047852,10.267999649047852
298,1A3N,1A3N.pdb,0,C,ALA,13,,39.83300018310547,11.093999862670898,9.883999824523926
299,1A3N,1A3N.pdb,0,C,TRP,14,,38.29399871826172,11.559000015258789,6.390999794006348
300,1A3N,1A3N.pdb,0,C,GLY,15,,41.391998291015625,13.513999938964844,5.313000202178955
301,1A3N,1A3N.pdb,0,C,LYS,16,,43.340999603271484,10.293999671936035,6.033999919891357
302,1A3N,1A3N.pdb,0,C,VAL,17,,41.07699966430664,8.343000411987305,3.678999900817871
303,1A3N,1A3N.pdb,0,C,GLY,18,,42.400001525878906,10.605999946594238,0.9559999704360962
304,1A3N,1A3N.pdb,0,C,ALA,19,,42.96699905395508,8.727999687194824,-2.2880001068115234
305,1A3N,1A3N.pdb,0,C,HIS,20,,41.27899932861328,5.5320000648498535,-1.0069999694824219
306,1A3N,1A3N.pdb,0,C,ALA,21,,37.750999450683594,7.059999942779541,-0.8610000014305115
307,1A3N,1A3N.pdb,0,C,GLY,22,,36.75699996948242,5.125999927520752,-4.043000221252441
308,1A3N,1A3N.pdb,0,C,GLU,23,,37.981998443603516,1.8289999961853027,-2.5910000801086426
309,1A3N,1A3N.pdb,0,C,TYR,24,,36.45399856567383,2.450000047683716,0.8500000238418579
310,1A3N,1A3N.pdb,0,C,GLY,25,,33.117000579833984,3.50600004196167,-0.625
311,1A3N,1A3N.pdb,0,C,ALA,26,,32.994998931884766,0.2809999883174896,-2.6589999198913574
312,1A3N,1A3N.pdb,0,C,GLU,27,,33.926998138427734,-1.8730000257492065,0.37599998712539673
313,1A3N,1A3N.pdb,0,C,ALA,28,,31.219999313354492,-0.1720000058412552,2.4739999771118164
314,1A3N,1A3N.pdb,0,C,LEU,29,,28.62299919128418,-0.996999979019165,-0.2199999988079071
315,1A3N,1A3N.pdb,0,C,GLU,30,,29.746999740600586,-4.65500020980835,-0.4300000071525574
316,1A3N,1A3N.pdb,0,C,ARG,31,,29.656999588012695,-4.788000106811523,3.371000051498413
317,1A3N,1A3N.pdb,0,C,MET,32,,26.079999923706055,-3.444999933242798,3.2669999599456787
318,1A3N,1A3N.pdb,0,C,PHE,33,,24.85099983215332,-5.822999954223633,0.5429999828338623
319,1A3N,1A3N.pdb,0,C,LEU,34,,26.246999740600586,-8.855999946594238,2.3410000801086426
320,1A3N,1A3N.pdb,0,C,SER,35,,25.222000122070312,-7.879000186920166,5.86899995803833
321,1A3N,1A3N.pdb,0,C,PHE,36,,21.839000701904297,-6.364999771118164,4.965000152587891
322,1A3N,1A3N.pdb,0,C,PRO,37,,20.59600067138672,-8.10099983215332,1.7990000247955322
323,1A3N,1A3N.pdb,0,C,THR,38,,17.347000122070312,-6.13700008392334,1.6510000228881836
324,1A3N,1A3N.pdb,0,C,THR,39,,19.472999572753906,-3.1510000228881836,0.5090000033378601
325,1A3N,1A3N.pdb,0,C,LYS,40,,20.128999710083008,-5.081999778747559,-2.7149999141693115
326,1A3N,1A3N.pdb,0,C,THR,41,,16.472999572753906,-4.341000080108643,-3.6559998989105225
327,1A3N,1A3N.pdb,0,C,TYR,42,,17.645000457763672,-0.824999988079071,-4.758999824523926
328,1A3N,1A3N.pdb,0,C,PHE,43,,20.347000122070312,-2.24399995803833,-7.090000152587891
329,1A3N,1A3N.pdb,0,C,PRO,44,,18.731000900268555,-4.984000205993652,-9.20199966430664
330,1A3N,1A3N.pdb,0,C,HIS,45,,20.229000091552734,-3.259999990463257,-12.255999565124512
331,1A3N,1A3N.pdb,0,C,PHE,46,,23.780000686645508,-3.6619999408721924,-11.006999969482422
332,1A3N,1A3N.pdb,0,C,ASP,47,,26.197999954223633,-6.556000232696533,-11.255999565124512
333,1A3N,1A3N.pdb,0,C,LEU,48,,26.795000076293945,-6.827000141143799,-7.507999897003174
334,1A3N,1A3N.pdb,0,C,SER,49,,29.538999557495117,-9.480999946594238,-7.7170000076293945
335,1A3N,1A3N.pdb,0,C,HIS,50,,32.733001708984375,-8.694000244140625,-5.8480000495910645
336,1A3N,1A3N.pdb,0,C,GLY,51,,34.91600036621094,-6.164999961853027,-7.651000022888184
337,1A3N,1A3N.pdb,0,C,SER,52,,32.31100082397461,-5.164000034332275,-10.218999862670898
338,1A3N,1A3N.pdb,0,C,ALA,53,,32.891998291015625,-1.9220000505447388,-12.086000442504883
339,1A3N,1A3N.pdb,0,C,GLN,54,,29.42300033569336,-0.6669999957084656,-11.133000373840332
340,1A3N,1A3N.pdb,0,C,VAL,55,,30.010000228881836,-1.125,-7.377999782562256
341,1A3N,1A3N.pdb,0,C,LYS,56,,33.470001220703125,0.45500001311302185,-7.626999855041504
342,1A3N,1A3N.pdb,0,C,GLY,57,,32.08599853515625,3.3970000743865967,-9.618000030517578
343,1A3N,1A3N.pdb,0,C,HIS,58,,29.128999710083008,3.8940000534057617,-7.25600004196167
344,1A3N,1A3N.pdb,0,C,GLY,59,,31.516000747680664,3.5239999294281006,-4.284999847412109
345,1A3N,1A3N.pdb,0,C,LYS,60,,33.60100173950195,6.413000106811523,-5.664000034332275
346,1A3N,1A3N.pdb,0,C,LYS,61,,30.503999710083008,8.57800006866455,-6.156000137329102
347,1A3N,1A3N.pdb,0,C,VAL,62,,29.33300018310547,7.994999885559082,-2.5840001106262207
348,1A3N,1A3N.pdb,0,C,ALA,63,,32.79199981689453,8.649999618530273,-1.1670000553131104
349,1A3N,1A3N.pdb,0,C,ASP,64,,33.31100082397461,11.82699966430664,-3.2739999294281006
350,1A3N,1A3N.pdb,0,C,ALA,65,,29.930999755859375,13.121000289916992,-2.078000068664551
351,1A3N,1A3N.pdb,0,C,LEU,66,,31.107999801635742,12.564000129699707,1.5199999809265137
352,1A3N,1A3N.pdb,0,C,THR,67,,34.356998443603516,14.399999618530273,0.7009999752044678
353,1A3N,1A3N.pdb,0,C,ASN,68,,32.23400115966797,17.31800079345703,-0.5709999799728394
354,1A3N,1A3N.pdb,0,C,ALA,69,,30.177000045776367,17.165000915527344,2.632999897003174
355,1A3N,1A3N.pdb,0,C,VAL,70,,33.29100036621094,17.11199951171875,4.90500020980835
356,1A3N,1A3N.pdb,0,C,ALA,71,,34.680999755859375,20.07699966430664,2.9549999237060547
357,1A3N,1A3N.pdb,0,C,HIS,72,,31.44700050354004,22.062000274658203,3.4159998893737793
358,1A3N,1A3N.pdb,0,C,VAL,73,,30.525999069213867,20.62299919128418,6.835000038146973
359,1A3N,1A3N.pdb,0,C,ASP,74,,29.093000411987305,24.007999420166016,8.013999938964844
360,1A3N,1A3N.pdb,0,C,ASP,75,,26.483999252319336,23.999000549316406,5.216000080108643
361,1A3N,1A3N.pdb,0,C,MET,76,,25.695999145507812,20.39699935913086,4.185999870300293
362,1A3N,1A3N.pdb,0,C,PRO,77,,22.09000015258789,21.113000869750977,3.140000104904175
363,1A3N,1A3N.pdb,0,C,ASN,78,,23.31599998474121,23.493000030517578,0.42100000381469727
364,1A3N,1A3N.pdb,0,C,ALA,79,,26.327999114990234,21.371999740600586,-0.6230000257492065
365,1A3N,1A3N.pdb,0,C,LEU,80,,24.260000228881836,18.194000244140625,-1.0010000467300415
366,1A3N,1A3N.pdb,0,C,SER,81,,21.194000244140625,19.93600082397461,-2.4189999103546143
367,1A3N,1A3N.pdb,0,C,ALA,82,,21.253999710083008,18.160999298095703,-5.7870001792907715
368,1A3N,1A3N.pdb,0,C,LEU,83,,21.78700065612793,14.765999794006348,-4.131999969482422
369,1A3N,1A3N.pdb,0,C,SER,84,,18.983999252319336,15.342000007629395,-1.600000023841858
370,1A3N,1A3N.pdb,0,C,ASP,85,,16.746000289916992,16.163000106811523,-4.5980000495910645
371,1A3N,1A3N.pdb,0,C,LEU,86,,17.819000244140625,13.00100040435791,-6.448999881744385
372,1A3N,1A3N.pdb,0,C,HIS,87,,17.15999984741211,10.737000465393066,-3.4790000915527344
373,1A3N,1A3N.pdb,0,C,ALA,88,,13.833999633789062,12.333999633789062,-2.5160000324249268
374,1A3N,1A3N.pdb,0,C,HIS,89,,12.324000358581543,12.574000358581543,-5.993000030517578
375,1A3N,1A3N.pdb,0,C,LYS,90,,13.831000328063965,9.809000015258789,-8.095000267028809
376,1A3N,1A3N.pdb,0,C,LEU,91,,15.739999771118164,7.1020002365112305,-6.190000057220459
377,1A3N,1A3N.pdb,0,C,ARG,92,,13.305000305175781,7.2179999351501465,-3.2869999408721924
378,1A3N,1A3N.pdb,0,C,VAL,93,,15.321999549865723,4.833000183105469,-1.1410000324249268
379,1A3N,1A3N.pdb,0,C,ASP,94,,13.49899959564209,4.138999938964844,2.1410000324249268
380,1A3N,1A3N.pdb,0,C,PRO,95,,15.123000144958496,6.2230000495910645,4.886000156402588
381,1A3N,1A3N.pdb,0,C,VAL,96,,15.788999557495117,3.1459999084472656,7.065999984741211
382,1A3N,1A3N.pdb,0,C,ASN,97,,18.5939998626709,2.1059999465942383,4.670000076293945
383,1A3N,1A3N.pdb,0,C,PHE,98,,20.72599983215332,5.2129998207092285,5.294000148773193
384,1A3N,1A3N.pdb,0,C,LYS,99,,21.46299934387207,3.9030001163482666,8.814000129699707
385,1A3N,1A3N.pdb,0,C,LEU,100,,22.576000213623047,0.5849999785423279,7.2829999923706055
386,1A3N,1A3N.pdb,0,C,LEU,101,,25.041000366210938,2.124000072479248,4.833000183105469
387,1A3N,1A3N.pdb,0,C,SER,102,,26.180999755859375,4.557000160217285,7.554999828338623
388,1A3N,1A3N.pdb,0,C,HIS,103,,27.020000457763672,1.6480000019073486,9.871999740600586
389,1A3N,1A3N.pdb,0,C,CYS,104,,28.930999755859375,-0.08100000023841858,7.047999858856201
390,1A3N,1A3N.pdb,0,C,LEU,105,,30.895999908447266,3.0920000076293945,6.203000068664551
391,1A3N,1A3N.pdb,0,C,LEU,106,,31.78499984741211,3.321000099182129,9.91100025177002
392,1A3N,1A3N.pdb,0,C,VAL,107,,33.01599884033203,-0.3310000002384186,10.003999710083008
393,1A3N,1A3N.pdb,0,C,THR,108,,34.99800109863281,0.2879999876022339,6.840000152587891
394,1A3N,1A3N.pdb,0,C,LEU,109,,36.72800064086914,3.296999931335449,8.378999710083008
395,1A3N,1A3N.pdb,0,C,ALA,110,,37.38199996948242,1.3739999532699585,11.605999946594238
396,1A3N,1A3N.pdb,0,C,ALA,111,,38.983001708984375,-1.4579999446868896,9.614999771118164
397,1A3N,1A3N.pdb,0,C,HIS,112,,41.220001220703125,0.9480000138282776,7.672999858856201
398,1A3N,1A3N.pdb,0,C,LEU,113,,42.08100128173828,3.7019999027252197,10.222999572753906
399,1A3N,1A3N.pdb,0,C,PRO,114,,43.55500030517578,1.9229999780654907,13.251999855041504
400,1A3N,1A3N.pdb,0,C,ALA,115,,45.41400146484375,4.980000019073486,14.552000045776367
401,1A3N,1A3N.pdb,0,C,GLU,116,,42.56100082397461,7.431000232696533,14.026000022888184
402,1A3N,1A3N.pdb,0,C,PHE,117,,39.426998138427734,5.539999961853027,15.140000343322754
403,1A3N,1A3N.pdb,0,C,THR,118,,39.358001708984375,6.544000148773193,18.816999435424805
404,1A3N,1A3N.pdb,0,C,PRO,119,,36.130001068115234,6.493000030517578,20.85099983215332
405,1A3N,1A3N.pdb,0,C,ALA,120,,35.742000579833984,10.246999740600586,20.351999282836914
406,1A3N,1A3N.pdb,0,C,VAL,121,,36.3650016784668,10.03600025177002,16.583999633789062
407,1A3N,1A3N.pdb,0,C,HIS,122,,34.00400161743164,7.051000118255615,16.308000564575195
408,1A3N,1A3N.pdb,0,C,ALA,123,,31.242000579833984,9.163999557495117,17.95199966430664
409,1A3N,1A3N.pdb,0,C,SER,124,,31.97100067138672,12.14900016784668,15.67300033569336
410,1A3N,1A3N.pdb,0,C,LEU,125,,31.986000061035156,9.972999572753906,12.555000305175781
411,1A3N,1A3N.pdb,0,C,ASP,126,,28.704999923706055,8.29800033569336,13.571000099182129
412,1A3N,1A3N.pdb,0,C,LYS,127,,27.104999542236328,11.717000007629395,14.166000366210938
413,1A3N,1A3N.pdb,0,C,PHE,128,,28.42799949645996,13.022000312805176,10.824000358581543
414,1A3N,1A3N.pdb,0,C,LEU,129,,27.031999588012695,10.092000007629395,8.815999984741211
415,1A3N,1A3N.pdb,0,C,ALA,130,,23.72599983215332,10.472000122070312,10.583000183105469
416,1A3N,1A3N.pdb,0,C,SER,131,,23.711000442504883,14.208999633789062,9.694999694824219
417,1A3N,1A3N.pdb,0,C,VAL,132,,24.565000534057617,13.45199966430664,6.064000129699707
418,1A3N,1A3N.pdb,0,C,SER,133,,21.70199966430664,10.907999992370605,6.073999881744385
419,1A3N,1A3N.pdb,0,C,THR,134,,19.304000854492188,13.508999824523926,7.5370001792907715
420,1A3N,1A3N.pdb,0,C,VAL,135,,20.197999954223633,15.967000007629395,4.7779998779296875
421,1A3N,1A3N.pdb,0,C,LEU,136,,19.78700065612793,13.284000396728516,2.069999933242798
422,1A3N,1A3N.pdb,0,C,THR,137,,16.268999099731445,12.406000137329102,3.322000026702881
423,1A3N,1A3N.pdb,0,C,SER,138,,15.239999771118164,16.01300048828125,4.1570000648498535
424,1A3N,1A3N.pdb,0,C,LYS,139,,13.019000053405762,16.518999099731445,1.0950000286102295
425,1A3N,1A3N.pdb,0,C,TYR,140,,11.317999839782715,13.125,0.9589999914169312
426,1A3N,1A3N.pdb,0,C,ARG,141,,7.940000057220459,14.590999603271484,2.003999948501587
427,1A3N,1A3N.pdb,0,D,HIS,2,,20.50200080871582,-18.44099998474121,10.305999755859375
428,1A3N,1A3N.pdb,0,D,LEU,3,,24.266000747680664,-18.72599983215332,9.982000350952148
429,1A3N,1A3N.pdb,0,D,THR,4,,25.597999572753906,-21.132999420166016,7.382999897003174
430,1A3N,1A3N.pdb,0,D,PRO,5,,28.17300033569336,-23.743000030517578,8.42199993133545
431,1A3N,1A3N.pdb,0,D,GLU,6,,30.964000701904297,-21.566999435424805,6.933000087738037
432,1A3N,1A3N.pdb,0,D,GLU,7,,29.67799949645996,-18.530000686645508,8.866000175476074
433,1A3N,1A3N.pdb,0,D,LYS,8,,29.69700050354004,-20.4689998626709,12.137999534606934
434,1A3N,1A3N.pdb,0,D,SER,9,,33.28300094604492,-21.552000045776367,11.425000190734863
435,1A3N,1A3N.pdb,0,D,ALA,10,,34.375,-17.999000549316406,10.61299991607666
436,1A3N,1A3N.pdb,0,D,VAL,11,,32.7760009765625,-16.618999481201172,13.8100004196167
437,1A3N,1A3N.pdb,0,D,THR,12,,34.426998138427734,-19.322999954223633,15.9350004196167
438,1A3N,1A3N.pdb,0,D,ALA,13,,37.83300018310547,-18.79800033569336,14.277000427246094
439,1A3N,1A3N.pdb,0,D,LEU,14,,37.90599822998047,-15.017999649047852,14.776000022888184
440,1A3N,1A3N.pdb,0,D,TRP,15,,36.59299850463867,-15.289999961853027,18.336999893188477
441,1A3N,1A3N.pdb,0,D,GLY,16,,39.54100036621094,-17.57699966430664,19.20400047302246
442,1A3N,1A3N.pdb,0,D,LYS,17,,41.79199981689453,-14.53499984741211,18.79199981689453
443,1A3N,1A3N.pdb,0,D,VAL,18,,39.755001068115234,-12.211000442504883,21.047000885009766
444,1A3N,1A3N.pdb,0,D,ASN,19,,40.77299880981445,-11.038000106811523,24.476999282836914
445,1A3N,1A3N.pdb,0,D,VAL,20,,37.229000091552734,-11.0649995803833,25.882999420166016
446,1A3N,1A3N.pdb,0,D,ASP,21,,37.93000030517578,-8.822999954223633,28.9060001373291
447,1A3N,1A3N.pdb,0,D,GLU,22,,39.766998291015625,-6.257999897003174,26.7549991607666
448,1A3N,1A3N.pdb,0,D,VAL,23,,37.20000076293945,-6.165999889373779,23.94300079345703
449,1A3N,1A3N.pdb,0,D,GLY,24,,34.32099914550781,-6.144000053405762,26.48900032043457
450,1A3N,1A3N.pdb,0,D,GLY,25,,35.7130012512207,-3.11899995803833,28.344999313354492
451,1A3N,1A3N.pdb,0,D,GLU,26,,36.32699966430664,-1.350000023841858,24.988000869750977
452,1A3N,1A3N.pdb,0,D,ALA,27,,32.86899948120117,-2.0929999351501465,23.565000534057617
453,1A3N,1A3N.pdb,0,D,LEU,28,,31.006000518798828,-1.0679999589920044,26.701000213623047
454,1A3N,1A3N.pdb,0,D,GLY,29,,33.040000915527344,2.119999885559082,27.054000854492188
455,1A3N,1A3N.pdb,0,D,ARG,30,,32.46500015258789,2.940000057220459,23.367000579833984
456,1A3N,1A3N.pdb,0,D,LEU,31,,28.718000411987305,2.3440001010894775,23.878000259399414
457,1A3N,1A3N.pdb,0,D,LEU,32,,28.70599937438965,4.929999828338623,26.642000198364258
458,1A3N,1A3N.pdb,0,D,VAL,33,,30.77199935913086,7.36899995803833,24.57200050354004
459,1A3N,1A3N.pdb,0,D,VAL,34,,29.058000564575195,6.993000030517578,21.20199966430664
460,1A3N,1A3N.pdb,0,D,TYR,35,,25.469999313354492,6.660999774932861,22.548999786376953
461,1A3N,1A3N.pdb,0,D,PRO,36,,25.666000366210938,8.571000099182129,25.847999572753906
462,1A3N,1A3N.pdb,0,D,TRP,37,,22.062000274658203,8.012999534606934,26.809999465942383
463,1A3N,1A3N.pdb,0,D,THR,38,,23.150999069213867,4.421000003814697,27.60099983215332
464,1A3N,1A3N.pdb,0,D,GLN,39,,24.93400001525879,5.86899995803833,30.6560001373291
465,1A3N,1A3N.pdb,0,D,ARG,40,,21.472999572753906,5.995999813079834,32.3120002746582
466,1A3N,1A3N.pdb,0,D,PHE,41,,22.031999588012695,2.555000066757202,33.930999755859375
467,1A3N,1A3N.pdb,0,D,PHE,42,,25.468000411987305,3.4739999771118164,35.33399963378906
468,1A3N,1A3N.pdb,0,D,GLU,43,,25.040000915527344,6.495999813079834,37.61899948120117
469,1A3N,1A3N.pdb,0,D,SER,44,,26.742000579833984,4.511000156402588,40.45399856567383
470,1A3N,1A3N.pdb,0,D,PHE,45,,29.854000091552734,3.941999912261963,38.29600143432617
471,1A3N,1A3N.pdb,0,D,GLY,46,,31.687999725341797,7.181000232696533,39.05099868774414
472,1A3N,1A3N.pdb,0,D,ASP,47,,33.34299850463867,9.409000396728516,36.49300003051758
473,1A3N,1A3N.pdb,0,D,LEU,48,,31.86199951171875,9.288000106811523,32.987998962402344
474,1A3N,1A3N.pdb,0,D,SER,49,,32.60900115966797,12.97700023651123,32.279998779296875
475,1A3N,1A3N.pdb,0,D,THR,50,,34.73899841308594,12.574000358581543,29.145000457763672
476,1A3N,1A3N.pdb,0,D,PRO,51,,35.56800079345703,9.885000228881836,26.584999084472656
477,1A3N,1A3N.pdb,0,D,ASP,52,,38.874000549316406,9.196999549865723,28.375
478,1A3N,1A3N.pdb,0,D,ALA,53,,37.125999450683594,9.0,31.777000427246094
479,1A3N,1A3N.pdb,0,D,VAL,54,,34.55099868774414,6.515999794006348,30.481000900268555
480,1A3N,1A3N.pdb,0,D,MET,55,,37.14400100708008,4.307000160217285,28.766000747680664
481,1A3N,1A3N.pdb,0,D,GLY,56,,39.433998107910156,4.406000137329102,31.804000854492188
482,1A3N,1A3N.pdb,0,D,ASN,57,,36.665000915527344,3.765000104904175,34.35100173950195
483,1A3N,1A3N.pdb,0,D,PRO,58,,37.29499816894531,0.47200000286102295,36.189998626708984
484,1A3N,1A3N.pdb,0,D,LYS,59,,33.5620002746582,-0.0729999989271164,36.874000549316406
485,1A3N,1A3N.pdb,0,D,VAL,60,,32.79100036621094,0.3499999940395355,33.13800048828125
486,1A3N,1A3N.pdb,0,D,LYS,61,,35.56800079345703,-2.0969998836517334,32.277000427246094
487,1A3N,1A3N.pdb,0,D,ALA,62,,34.29999923706055,-4.520999908447266,34.917999267578125
488,1A3N,1A3N.pdb,0,D,HIS,63,,30.743999481201172,-4.434999942779541,33.55099868774414
489,1A3N,1A3N.pdb,0,D,GLY,64,,32.152000427246094,-4.875999927520752,30.007999420166016
490,1A3N,1A3N.pdb,0,D,LYS,65,,34.00400161743164,-8.001999855041504,31.145999908447266
491,1A3N,1A3N.pdb,0,D,LYS,66,,30.763999938964844,-9.35200023651123,32.590999603271484
492,1A3N,1A3N.pdb,0,D,VAL,67,,28.54199981689453,-8.659000396728516,29.569000244140625
493,1A3N,1A3N.pdb,0,D,LEU,68,,31.010000228881836,-9.847000122070312,26.961000442504883
494,1A3N,1A3N.pdb,0,D,GLY,69,,31.944000244140625,-12.9399995803833,29.023000717163086
495,1A3N,1A3N.pdb,0,D,ALA,70,,28.243999481201172,-13.95300006866455,28.825000762939453
496,1A3N,1A3N.pdb,0,D,PHE,71,,28.209999084472656,-13.093999862670898,25.097999572753906
497,1A3N,1A3N.pdb,0,D,SER,72,,31.347999572753906,-15.210000038146973,24.582000732421875
498,1A3N,1A3N.pdb,0,D,ASP,73,,29.833999633789062,-18.208999633789062,26.386999130249023
499,1A3N,1A3N.pdb,0,D,GLY,74,,26.684999465942383,-17.812000274658203,24.28499984741211
500,1A3N,1A3N.pdb,0,D,LEU,75,,28.746999740600586,-18.391000747680664,21.11199951171875
501,1A3N,1A3N.pdb,0,D,ALA,76,,28.902000427246094,-22.117000579833984,22.01099967956543
502,1A3N,1A3N.pdb,0,D,HIS,77,,25.101999282836914,-22.14900016784668,21.70800018310547
503,1A3N,1A3N.pdb,0,D,LEU,78,,24.448999404907227,-20.54199981689453,18.33300018310547
504,1A3N,1A3N.pdb,0,D,ASP,79,,21.621000289916992,-23.018999099731445,17.70599937438965
505,1A3N,1A3N.pdb,0,D,ASN,80,,19.812000274658203,-22.17799949645996,20.985000610351562
506,1A3N,1A3N.pdb,0,D,LEU,81,,20.35099983215332,-18.485000610351562,21.738000869750977
507,1A3N,1A3N.pdb,0,D,LYS,82,,16.777000427246094,-18.02199935913086,22.98900032043457
508,1A3N,1A3N.pdb,0,D,GLY,83,,17.107999801635742,-20.891000747680664,25.466999053955078
509,1A3N,1A3N.pdb,0,D,THR,84,,20.60099983215332,-19.827999114990234,26.485000610351562
510,1A3N,1A3N.pdb,0,D,PHE,85,,19.61400032043457,-16.197999954223633,27.214000701904297
511,1A3N,1A3N.pdb,0,D,ALA,86,,16.07900047302246,-16.777999877929688,28.53499984741211
512,1A3N,1A3N.pdb,0,D,THR,87,,16.729000091552734,-16.177000045776367,32.277000427246094
513,1A3N,1A3N.pdb,0,D,LEU,88,,18.98699951171875,-13.199999809265137,31.409000396728516
514,1A3N,1A3N.pdb,0,D,SER,89,,16.149999618530273,-11.880999565124512,29.20199966430664
515,1A3N,1A3N.pdb,0,D,GLU,90,,13.668999671936035,-12.055999755859375,32.07400131225586
516,1A3N,1A3N.pdb,0,D,LEU,91,,16.19700050354004,-10.37600040435791,34.42300033569336
517,1A3N,1A3N.pdb,0,D,HIS,92,,16.951000213623047,-7.515999794006348,32.01599884033203
518,1A3N,1A3N.pdb,0,D,CYS,93,,13.192999839782715,-6.85699987411499,31.579999923706055
519,1A3N,1A3N.pdb,0,D,ASP,94,,11.74899959564209,-7.453999996185303,35.04999923706055
520,1A3N,1A3N.pdb,0,D,LYS,95,,14.529000282287598,-6.178999900817871,37.25299835205078
521,1A3N,1A3N.pdb,0,D,LEU,96,,17.01300048828125,-4.120999813079834,35.26499938964844
522,1A3N,1A3N.pdb,0,D,HIS,97,,14.531000137329102,-2.359999895095825,32.941001892089844
523,1A3N,1A3N.pdb,0,D,VAL,98,,16.951000213623047,-2.2960000038146973,30.027999877929688
524,1A3N,1A3N.pdb,0,D,ASP,99,,15.262999534606934,-1.309000015258789,26.7549991607666
525,1A3N,1A3N.pdb,0,D,PRO,100,,16.37700080871582,-4.031000137329102,24.25200080871582
526,1A3N,1A3N.pdb,0,D,GLU,101,,17.469999313354492,-1.315000057220459,21.809999465942383
527,1A3N,1A3N.pdb,0,D,ASN,102,,20.610000610351562,-1.0809999704360962,24.062999725341797
528,1A3N,1A3N.pdb,0,D,PHE,103,,21.506999969482422,-4.664000034332275,22.990999221801758
529,1A3N,1A3N.pdb,0,D,ARG,104,,21.385000228881836,-3.632999897003174,19.336000442504883
530,1A3N,1A3N.pdb,0,D,LEU,105,,23.547000885009766,-0.5659999847412109,19.95800018310547
531,1A3N,1A3N.pdb,0,D,LEU,106,,26.077999114990234,-2.6570000648498535,21.82200050354004
532,1A3N,1A3N.pdb,0,D,GLY,107,,26.070999145507812,-5.188000202178955,18.922000885009766
533,1A3N,1A3N.pdb,0,D,ASN,108,,26.7810001373291,-2.308000087738037,16.541000366210938
534,1A3N,1A3N.pdb,0,D,VAL,109,,29.658000946044922,-1.0709999799728394,18.724000930786133
535,1A3N,1A3N.pdb,0,D,LEU,110,,30.990999221801758,-4.624000072479248,19.033000946044922
536,1A3N,1A3N.pdb,0,D,VAL,111,,31.132999420166016,-4.960000038146973,15.243000030517578
537,1A3N,1A3N.pdb,0,D,CYS,112,,33.00199890136719,-1.6200000047683716,15.003999710083008
538,1A3N,1A3N.pdb,0,D,VAL,113,,35.46900177001953,-2.7720000743865967,17.697999954223633
539,1A3N,1A3N.pdb,0,D,LEU,114,,36.108001708984375,-6.10699987411499,15.963000297546387
540,1A3N,1A3N.pdb,0,D,ALA,115,,36.66999816894531,-4.1519999504089355,12.72599983215332
541,1A3N,1A3N.pdb,0,D,HIS,116,,39.10599899291992,-1.7569999694824219,14.465999603271484
542,1A3N,1A3N.pdb,0,D,HIS,117,,40.85100173950195,-4.61299991607666,16.218000411987305
543,1A3N,1A3N.pdb,0,D,PHE,118,,41.20800018310547,-7.110000133514404,13.329000473022461
544,1A3N,1A3N.pdb,0,D,GLY,119,,41.459999084472656,-4.6620001792907715,10.449000358581543
545,1A3N,1A3N.pdb,0,D,LYS,120,,41.42399978637695,-6.3480000495910645,7.052000045776367
546,1A3N,1A3N.pdb,0,D,GLU,121,,40.8390007019043,-9.77400016784668,8.638999938964844
547,1A3N,1A3N.pdb,0,D,PHE,122,,37.29999923706055,-8.562000274658203,9.531000137329102
548,1A3N,1A3N.pdb,0,D,THR,123,,36.20399856567383,-8.984000205993652,5.914999961853027
549,1A3N,1A3N.pdb,0,D,PRO,124,,32.72700119018555,-8.236000061035156,4.4770002365112305
550,1A3N,1A3N.pdb,0,D,PRO,125,,31.670000076293945,-11.913999557495117,4.765999794006348
551,1A3N,1A3N.pdb,0,D,VAL,126,,33.055999755859375,-12.164999961853027,8.366000175476074
552,1A3N,1A3N.pdb,0,D,GLN,127,,31.167999267578125,-8.987000465393066,9.229000091552734
553,1A3N,1A3N.pdb,0,D,ALA,128,,27.94300079345703,-10.46500015258789,7.702000141143799
554,1A3N,1A3N.pdb,0,D,ALA,129,,28.378000259399414,-13.49899959564209,9.970999717712402
555,1A3N,1A3N.pdb,0,D,TYR,130,,28.91900062561035,-11.336000442504883,13.09000015258789
556,1A3N,1A3N.pdb,0,D,GLN,131,,25.884000778198242,-9.185999870300293,12.182000160217285
557,1A3N,1A3N.pdb,0,D,LYS,132,,23.736000061035156,-12.336999893188477,12.329999923706055
558,1A3N,1A3N.pdb,0,D,VAL,133,,25.283000946044922,-13.189000129699707,15.711999893188477
559,1A3N,1A3N.pdb,0,D,VAL,134,,24.763999938964844,-9.760000228881836,17.283000946044922
560,1A3N,1A3N.pdb,0,D,ALA,135,,21.16200065612793,-9.559000015258789,15.956000328063965
561,1A3N,1A3N.pdb,0,D,GLY,136,,20.58799934387207,-13.144000053405762,17.232999801635742
562,1A3N,1A3N.pdb,0,D,VAL,137,,21.871000289916992,-12.357999801635742,20.783000946044922
563,1A3N,1A3N.pdb,0,D,ALA,138,,19.906999588012695,-9.067000389099121,20.902999877929688
564,1A3N,1A3N.pdb,0,D,ASN,139,,16.753999710083008,-10.859999656677246,19.788000106811523
565,1A3N,1A3N.pdb,0,D,ALA,140,,17.354000091552734,-13.640000343322754,22.32200050354004
566,1A3N,1A3N.pdb,0,D,LEU,141,,17.89299964904785,-11.118000030517578,25.139999389648438
567,1A3N,1A3N.pdb,0,D,ALA,142,,14.682000160217285,-9.300999641418457,24.11400032043457
568,1A3N,1A3N.pdb,0,D,HIS,143,,12.539999961853027,-12.42199993133545,23.73900032043457
569,1A3N,1A3N.pdb,0,D,LYS,144,,11.125,-12.670000076293945,27.267000198364258
570,1A3N,1A3N.pdb,0,D,TYR,145,,10.215999603271484,-8.984000205993652,27.513999938964844
571,1A3N,1A3N.pdb,0,D,HIS,146,,6.556000232696533,-8.395000457763672,28.358999252319336
