source,target,distance
0,1,3.7919453682002717
0,2,6.228067445099491
0,423,7.395007888239889
0,424,7.642721862463691
1,2,3.8002458476397267
1,3,6.746251403352721
1,5,5.614776136834046
1,6,6.42175314760017
1,123,7.666190939113782
1,126,6.983741603214702
1,127,6.950798613600403
2,3,3.7743039320330434
2,4,5.3058521972425465
2,5,4.899468691529186
2,6,6.219463147731407
3,4,3.8380048379942777
3,5,5.435404298601863
3,6,5.170419745199651
3,7,6.245009316061341
4,5,3.8421928951546986
4,6,5.444554187711917
4,7,5.05136841885106
4,8,6.062038765184157
4,123,7.963097599727224
5,6,3.804273700083829
5,7,5.472355995786018
5,8,5.04042354884607
5,9,6.079130453913228
5,120,7.502491014876514
5,123,4.704772573513933
5,124,7.520779311941262
5,127,7.796646311033023
6,7,3.8043245235200582
6,8,5.398303703692182
6,9,5.11697234420244
6,10,6.164064628092862
6,72,7.149217674117122
6,123,7.507370589205458
7,8,3.8379671648548683
7,9,5.544140536425468
7,10,5.268890382835224
7,11,6.078591318267783
8,9,3.7830007392505633
8,10,5.511339837266596
8,11,5.133310576162772
8,12,6.0752993811055624
8,119,7.908662736121456
8,120,5.513436335047953
8,123,6.38595784111524
8,124,7.512288832495916
9,10,3.8171999562152554
9,11,5.4905956302614785
9,12,5.232993413662715
9,13,5.980370970042901
9,69,7.259174799507998
9,120,7.106801805213811
9,123,6.455599909601963
9,124,5.845806494216387
9,127,7.326725957244772
10,11,3.783533279540887
10,12,5.501846124849908
10,13,5.21233617692859
10,14,5.588452846934718
10,69,6.48417507027538
11,12,3.804579353757303
11,13,5.675163971451438
11,14,5.025004094206255
11,15,6.324834555591926
12,13,3.8271125597912734
12,14,5.360275462068271
12,15,5.258020179132369
12,16,6.493764227834518
12,112,7.92485605030779
12,115,6.2844372283018695
12,116,7.6205193549064445
12,120,7.523846246811384
13,14,3.804669753311491
13,15,5.36085396123704
13,16,4.869947481424512
13,17,6.412201653108876
13,20,7.935290867790803
13,66,7.59057144547308
13,69,7.8284230363172425
14,15,3.8416353911711845
14,16,5.391151090673869
14,17,5.083716266774757
15,16,3.848037425800977
15,17,5.115510078039283
16,17,3.759703084041667
16,18,6.334516090519074
16,19,5.576490315856719
16,20,5.684543399382617
17,18,3.7955672145899864
17,19,5.56318464879338
17,20,5.999148020808157
18,19,3.837392654327381
18,20,5.440272320966806
18,21,7.343707157824767
19,20,3.824422706462754
19,21,5.610198482516409
19,22,5.271895162930897
19,23,6.141586528794955
20,21,3.839771848303753
20,22,5.551112712948685
20,23,5.15672704868124
20,24,6.112802289788803
20,59,7.156463817556172
20,62,5.498740517215519
20,63,7.406732183077325
21,22,3.820276348607723
21,23,5.428126216088649
21,24,5.06145168823213
21,25,6.365502802541905
21,55,7.384645710329634
21,58,5.634388286436886
21,59,3.902234415537922
21,60,7.354384473615215
21,61,7.666137594463156
21,62,5.315690958042394
21,63,7.115790584629516
22,23,3.8355758732410736
22,24,5.508541682203172
22,25,5.276536014080252
22,26,6.28852833475953
22,55,6.990329134071592
22,58,6.894627849897568
22,59,6.876343107694427
23,24,3.8031343659251053
23,25,5.4031837550653785
23,26,4.936845823355088
23,27,6.060267095045476
23,58,7.371410772483516
23,62,7.535020552899958
23,104,7.696246741085658
23,107,6.413496104745353
23,108,7.434178063882017
24,25,3.8655216529832415
24,26,5.486855197158974
24,27,5.134072343014329
24,28,6.401223779119511
24,55,7.7869903171318855
24,57,7.997510239526155
24,58,4.262468410117599
24,59,6.0616086564483815
24,61,6.13762510558994
24,62,5.144432655382884
24,104,7.055845356149375
25,26,3.841983626792528
25,27,5.45188662419679
25,28,5.168228515932516
25,29,6.248856554875327
25,54,5.821177841106778
25,55,4.851950846689244
25,56,7.583479414926329
25,57,6.907015395195487
25,58,3.830216316514534
25,59,6.704651386797994
26,27,3.81948195781391
26,28,5.457483070586178
26,29,4.990393465398049
26,30,6.04527923665132
26,58,7.497301081289347
26,107,6.761582719796903
26,263,7.771527976219771
27,28,3.86017403165872
27,29,5.434995565798142
27,30,4.978212615195431
27,31,6.1306772434407115
27,58,7.779075146617301
27,100,6.887929321666147
27,103,5.030519392139779
27,104,4.967076315222732
27,106,7.623913094907703
27,107,5.7254025491188765
28,29,3.850905705139267
28,30,5.410515672630271
28,31,4.957902549559151
28,32,6.185580689339203
28,54,7.134538779485635
28,58,6.699912776352668
28,100,6.800578526542415
28,103,7.286994326830817
28,104,7.962487623044618
29,30,3.8071728684126156
29,31,5.336557260333271
29,32,5.167045045176434
29,33,6.31843124861121
29,47,7.790362676167841
29,49,7.1527446698168955
29,54,7.549120523667551
29,263,6.734208211833533
30,31,3.7964621520215083
30,32,5.637990557201244
30,33,5.463478150488043
30,34,5.95040408961497
30,103,5.9795922433076765
30,263,4.7595673686522915
30,264,7.545803096522648
30,266,7.343909770690017
30,267,7.313899238135271
31,32,3.829232848698744
31,33,5.53238761957116
31,34,5.185658590164273
31,35,5.49655041851653
31,36,7.464727428679008
31,38,7.186036364621614
31,99,6.635363387652151
31,100,5.900926480948327
31,103,5.824094517823336
32,33,3.805386994187754
32,34,5.719653231902305
32,35,5.529814242637046
32,36,5.221878929621264
32,37,7.723270864244962
32,38,6.070946364084628
32,39,5.82025641650439
32,47,7.887464795759432
33,34,3.8099594740421767
33,35,5.769973804577241
33,36,5.789997234958941
33,263,6.817906056992706
33,264,6.625339711305561
33,267,5.7978118706016515
34,35,3.792542790823078
34,36,6.124032399543145
34,263,7.680940758467028
34,264,7.718872077551909
34,266,6.920204060147456
34,267,4.184509070818444
34,268,7.622578647971872
34,270,6.358704877033022
34,271,7.806113724350035
35,36,3.8212066046831192
35,37,5.632240376490144
35,38,6.006466204207224
35,99,7.361854464674673
35,267,7.8154412950193
36,37,3.8053628712057743
36,38,5.32006777416389
36,39,5.6023111346362935
36,40,7.953678001638045
36,570,7.1047690304005195
36,571,5.544558915800781
37,38,3.8617391117980038
37,39,5.321105368390091
37,40,5.783716394363294
37,524,5.850932367968769
37,525,6.9958959132509415
37,570,6.65141323288106
37,571,7.095501580243477
38,39,3.8237204342484445
38,40,5.345820930056073
38,41,6.175323800065928
38,42,7.971338931778519
38,96,6.704299997514871
38,524,7.1224031437372
39,40,3.8378946856958565
39,41,5.3753507700120755
39,42,5.431422614545705
39,43,7.128274534114185
40,41,3.833853954089681
40,42,5.54413107770067
40,43,6.2640732134964505
40,518,7.035642382673847
40,522,4.618327758805321
40,523,6.224129016786425
40,524,5.814779440137644
41,42,3.8283995298744458
41,43,6.294751031879148
41,90,7.958803526378184
41,92,7.061999755131249
41,522,7.088950399588946
41,524,7.75442602756045
42,43,3.8247590329342054
42,44,5.356153443602094
42,45,5.412444500722859
43,44,3.809606808750125
43,45,5.461342260914601
43,46,7.910835737664306
43,522,7.2724812274602915
44,45,3.8186798578003183
44,46,6.971061596846043
45,46,3.75575395791042
45,47,5.670417557054264
45,53,6.356729939885348
45,54,7.5770182135073165
46,47,3.8391127042772335
46,48,5.769295912161347
46,51,6.316681236399851
46,53,6.89623074660213
46,54,7.836039582822322
47,48,3.8085540999875525
47,49,6.540979977479885
47,51,6.029190357760815
47,53,7.651114862575097
47,54,6.574203940359063
48,49,3.7657446612218526
48,50,6.2176729404959215
48,51,5.563951175342155
49,50,3.814918133271762
49,51,5.582761756123136
50,51,3.8054336418506116
50,52,6.330600376294588
50,54,7.586783917429085
50,55,7.316808650366225
51,52,3.80795865203471
51,53,5.358266052482632
51,54,5.338548632573941
51,55,6.279939489548733
52,53,3.8005829105011086
52,54,5.426575010304227
52,55,4.809532532262944
52,56,5.922705715859402
53,54,3.8156942283802127
53,55,5.405087981283278
53,56,5.152476536412251
53,57,6.097099077400297
54,55,3.8307355952939965
54,56,5.503423785751683
54,57,5.024475300980848
54,58,5.82023010452527
55,56,3.8152530166659293
55,57,5.442183266833528
55,58,4.857031174334083
55,59,6.22197692318866
56,57,3.816147936267471
56,58,5.353114695869186
56,59,5.184425577047691
56,60,6.550328865241413
57,58,3.8151313682008436
57,59,5.4247236320593
57,60,5.160991159169103
57,61,6.294710551953284
58,59,3.811872098231001
58,60,5.462255665900654
58,61,5.153236906632921
58,62,6.121500471323531
59,60,3.84685307250883
59,61,5.514039136113037
59,62,5.120206788253938
59,63,6.016157304111391
60,61,3.810974734288519
60,62,5.457827566624644
60,63,5.094341747973598
60,64,6.1585177942944105
61,62,3.805455111110874
61,63,5.529009849032767
61,64,5.1657439593633425
61,65,6.317788863106929
62,63,3.821786898618494
62,64,5.368056869616945
62,65,4.9570736309785435
62,66,6.1630655267466645
63,64,3.8330005496931356
63,65,5.355668765754616
63,66,4.900818778379392
63,67,6.202383888006352
64,65,3.8258181910681732
64,66,5.369761703683279
64,67,4.98632967096906
64,68,6.178577365490314
64,79,7.585697684688219
65,66,3.8059235420790776
65,67,5.3325097759231355
65,68,4.921253426574058
65,69,6.169688079914557
66,67,3.809231840937882
66,68,5.421371911700468
66,69,5.149367048491393
66,70,6.205942335813272
67,68,3.8132141177465266
67,69,5.488922116098357
67,70,5.028580835762893
67,71,6.249133120819468
67,78,7.029896034017574
68,69,3.8405722943412397
68,70,5.371258804710159
68,71,5.055071508965582
68,72,5.5707668055358965
68,75,5.758856107697812
68,78,6.549750873071385
68,79,7.0422300553580515
68,131,7.517573774273568
69,70,3.816356753442871
69,71,5.407938731190458
69,72,4.859047393024856
70,71,3.817629411318377
70,72,5.7135451956567564
71,72,3.8046339069845017
71,73,5.510428498985513
71,74,5.114272985478911
71,75,5.576563357090868
71,78,6.642995432849707
72,73,3.8650841442458765
72,74,5.5440833564331085
72,75,5.485017241116537
73,74,3.8320389071483456
73,75,6.02254520097671
74,75,3.760236275115945
74,76,5.8833833699063804
74,77,6.22943796735915
74,78,6.651329153815159
75,76,3.814300268074657
75,77,5.5512149061888865
75,78,5.110459823404228
75,79,6.064156991801141
75,131,7.564028863464658
75,134,7.452563758189896
76,77,3.8072415455114683
76,78,5.6301475629776
76,79,5.422222575652306
76,80,5.768129638053875
76,134,5.864211499312405
77,78,3.8228676177885763
77,79,5.402893411448138
77,80,4.87938817752486
78,79,3.8019169940788236
78,80,5.715030772070331
78,81,7.788353917813149
79,80,3.81969284862355
79,81,5.6724483580295795
79,82,5.263569105075829
79,83,6.08872535475598
79,134,7.275066222065098
79,135,7.081369231362531
80,81,3.7820426424147513
80,82,5.38745373748673
80,83,4.957574944505075
80,84,6.228129126897787
80,135,7.82400668329221
81,82,3.816021423903781
81,83,5.4215489600615205
81,84,5.097587711141634
81,85,6.211039800034804
82,83,3.8274053845832463
82,84,5.337283770707583
82,85,4.947142611969365
82,86,6.090061936500486
82,135,6.551591432075669
83,84,3.8128495881983278
83,85,5.5038505486253495
83,86,5.398736486768415
83,87,5.932822104024103
83,134,6.659754428487696
83,135,4.363834609896793
83,136,6.19940408588079
83,137,6.783029349061032
83,138,6.324905020908652
84,85,3.8078501835913077
84,86,5.629527698221447
84,87,5.1659086110860315
84,88,5.8799666263932915
84,89,7.7118966345250985
84,135,7.979205387359261
84,138,6.589028539878865
85,86,3.7549281038394247
85,87,5.5195705184048744
85,88,5.548980242236606
85,89,5.259014522189455
85,90,6.188120464328708
85,91,7.803830389679624
86,87,3.8191219322257295
86,88,5.791157551786398
86,89,5.835510482638813
86,90,4.799479744766223
86,91,5.150295009509948
86,92,6.332399330513693
86,135,6.8707123965777415
86,136,7.1467955391549784
86,139,7.799341931252551
87,88,3.7882620329132854
87,89,6.2158432028496975
87,90,6.724880281738303
87,91,5.17594136213436
87,92,7.52654671151125
87,135,7.690879401785605
87,136,6.3489292326503
87,137,7.86071926490215
87,138,5.725880414140069
87,139,4.406806945630721
87,140,7.796637099368545
87,462,6.795332374124952
88,89,3.810452303872468
88,90,6.369053169643386
88,91,5.851276853221862
88,139,7.005486115873649
88,462,7.054155590998866
89,90,3.817104806494282
89,91,5.508055161761664
89,465,7.534176212488186
90,91,3.780082852677923
90,92,5.637744286125993
90,465,7.591872793947392
91,92,3.7886898628319323
91,93,6.219275188184331
91,139,7.845085916350089
91,462,4.897310351267951
91,463,7.377493264685884
91,465,6.372754398709788
92,93,3.78846451374721
92,94,6.132037744997184
92,96,7.108132438506719
92,462,7.232606524471861
93,94,3.8116524947585972
93,95,5.4882774182984
93,96,6.014545805650796
93,97,7.972269196214972
93,462,7.042108555272263
93,524,7.72915751030045
93,526,7.211703389898722
93,527,7.957335897866033
94,95,3.845838043588031
94,96,5.452016001682317
94,97,5.7813532622733055
94,98,7.957234172584022
94,136,6.394084218194711
95,96,3.813958979989761
95,97,5.580634736246036
95,98,6.056435250124421
95,99,7.345437304932848
95,526,7.622588775718354
96,97,3.809270297852833
96,98,5.423516183058395
96,99,5.0970423362655835
96,100,6.486462999343474
97,98,3.818816912049898
97,99,5.3751456889825935
97,100,5.320122928807616
97,101,6.0564157984374765
97,132,5.819526184856956
98,99,3.833656410776957
98,100,5.627678318729922
98,101,5.008884462827183
98,102,6.13117971272133
98,129,7.164419290230069
98,132,7.439971271855337
99,100,3.8036660751006672
99,101,5.434036948263434
99,102,5.241528256720906
99,103,6.315849268733052
100,101,3.858537589580093
100,102,5.448511104778657
100,103,4.9774890180066516
100,104,6.057734360026586
101,102,3.829713901133854
101,103,5.408510443133659
101,104,4.991956659164242
101,105,6.1452544368446445
101,125,7.466517488579367
101,128,5.717065315911085
101,129,7.144263758914394
101,132,7.851050969929316
102,103,3.7969190354029054
102,104,5.410757249856331
102,105,4.945791328472328
102,106,6.1819504792612845
102,125,7.808922170660813
102,247,7.6101568547319935
103,104,3.818987320917912
103,105,5.282919520485906
103,106,4.947053675765885
103,107,6.052906235422258
104,105,3.8066051916142047
104,106,5.447583451195515
104,107,5.071016330680494
104,108,6.1484038006397475
105,106,3.8110992864822344
105,107,5.4855737749516775
105,108,5.155488715971404
105,109,6.175301869405463
105,121,7.528195015752348
105,124,7.192739046112987
105,125,7.022364804232675
105,251,7.131153358572281
106,107,3.795597314238724
106,108,5.410409167984803
106,109,5.016598419128963
106,110,6.181957600220868
106,250,7.277187991486779
106,251,5.176561205583275
106,254,5.998667275856651
106,255,7.590722698267734
107,108,3.8304107414335813
107,109,5.481966816499394
107,110,5.181474344810104
107,111,6.397736582816111
107,254,7.526418525643635
108,109,3.843808151681573
108,110,5.4571216585041915
108,111,5.161155295472055
108,112,5.847835528183637
108,116,7.482895171268763
109,110,3.821186390377751
109,111,5.441442953721938
109,112,5.261842131031098
109,113,6.656665010333045
109,116,5.691866663543324
109,251,6.3660676939239
109,252,7.605401698482799
109,254,5.662096908031111
109,255,4.382297072080805
109,258,7.345039751657083
110,111,3.821500493969236
110,112,5.949633730457532
110,113,6.949246051972718
110,254,4.7289470195130905
110,255,4.8153589419267755
110,256,7.524873304728825
110,257,7.080036002713077
110,258,4.116064565562756
110,259,6.043516803568336
110,261,7.367315561171461
111,112,3.837134156908861
111,113,6.278637356131102
111,255,7.498941256444518
111,258,6.276428953510414
111,259,7.424937501525902
112,113,3.808155119946251
112,114,5.55520924556629
112,115,5.316977497092794
112,116,5.590973193465197
112,255,7.142943748815554
113,114,3.795698345225616
113,115,5.871431671753391
113,116,6.005217340938217
113,255,5.953063328828286
113,256,7.2608016412687375
113,258,7.443163760104743
114,115,3.8030088855561077
114,116,5.945407436169722
114,117,7.176436301556332
115,116,3.8126058390151716
115,117,5.650886850711095
115,120,7.010273981805045
116,117,3.8277537095791776
116,118,6.636445637277632
116,119,7.874349123262975
116,120,5.5763710453416335
116,121,5.747697093509958
116,255,7.144990868296606
117,118,3.8348264062836184
117,119,5.430046854714139
117,120,5.162054484636669
117,121,6.03212021566691
118,119,3.8098378488202886
118,120,5.547885694379649
118,121,5.070951675627122
118,122,6.2121484453570375
118,169,5.712198917238813
118,172,6.548271713524546
118,173,7.083198015253768
118,190,6.738558075572438
119,120,3.7937662666874647
119,121,5.417184334756755
119,122,5.131714524213818
119,123,6.268483279987266
119,172,7.10454090036702
119,173,7.473899436938173
119,190,6.420589603225433
120,121,3.829737931401933
120,122,5.351749258648545
120,123,5.054478009519824
120,124,6.002047513796314
121,122,3.787365288641326
121,123,5.541860511899552
121,124,5.159467571638338
121,125,6.111517469160074
121,173,6.944791858641576
122,123,3.799951945460577
122,124,5.472848243303141
122,125,5.141611103083513
122,126,6.295594244385083
122,172,6.851222790106151
122,173,4.478171513020152
122,174,7.798413361025749
123,124,3.8148917278847225
123,125,5.445894287207144
123,126,5.13249252002432
123,127,6.099145167657304
124,125,3.826888643788331
124,126,5.404421567920741
124,127,4.934125208620555
124,128,6.182431221973344
125,126,3.7939553810883564
125,127,5.433628323910477
125,128,5.358718380456807
125,129,6.180129369815604
125,173,7.674140685221308
126,127,3.799164001660285
126,128,5.595920786134731
126,129,5.111832608040433
126,130,6.122537048781086
127,128,3.8183645035192715
127,129,5.426589971486292
127,130,5.05453573186123
127,131,6.192295024353563
128,129,3.80750484643292
128,130,5.354926482087621
128,131,4.9644489160454714
128,132,5.939162854375172
129,130,3.8409769437954586
129,131,5.478919388058619
129,132,4.878602779208659
129,133,6.071100824738182
130,131,3.824662421694807
130,132,5.317270120537476
130,133,4.996714809089871
130,134,6.278353620511573
131,132,3.826541263547127
131,133,5.458239510321379
131,134,5.181440244995159
131,135,6.191001971437245
132,133,3.8157283341316814
132,134,5.486470854165655
132,135,5.062096099966298
132,136,6.356922260960785
133,134,3.828057720929238
133,135,5.430955654813871
133,136,5.313059107294642
133,137,5.939128238131786
134,135,3.814439770930232
134,136,5.514009426287595
134,137,5.032263119479158
135,136,3.811636780539694
135,137,5.678235325559353
135,138,7.511668918885262
136,137,3.8488380412368435
136,138,5.70773694049607
136,139,5.531811197327643
137,138,3.819852711363961
137,139,5.756543580919714
137,140,7.596181427020945
137,286,7.301416347879993
138,139,3.8048063785570374
138,140,5.506528709747919
138,286,7.9182934134865866
139,140,3.7809996435094253
139,461,7.200611438811599
139,462,6.7445117797070795
140,459,7.9355093282438816
140,460,7.106170683337565
140,461,6.581626531964583
141,142,3.772005660381547
141,143,6.3420167626677335
141,271,7.3769850349921064
142,143,3.799972812001502
142,144,6.581469120518092
142,145,7.985497170647277
142,146,5.412039442920506
142,147,5.96864146520316
142,268,6.649342913066376
142,271,6.858815430543436
142,272,7.921093915163284
143,144,3.8351437928181515
143,145,5.440707752231514
143,146,4.893793852592039
143,147,6.1803226003179415
144,145,3.811706830292528
144,146,5.196504449819702
144,147,5.003693135259839
144,148,6.104414227378275
145,146,3.856686148157227
145,147,5.667177792601057
145,148,5.25126035954818
145,149,6.078691381119085
146,147,3.8003296404360647
146,148,5.4033146213795815
146,149,4.994089911310336
146,150,6.150081872359765
146,264,7.8253123878324224
146,265,7.126791589866285
146,268,5.024620921498854
147,148,3.82912898234228
147,149,5.481143898093746
147,150,5.169057218315069
147,151,6.210753650544052
147,268,7.248037702990949
148,149,3.8054721517701875
148,150,5.417300583108084
148,151,5.114468599177439
148,152,5.913956316279943
149,150,3.8319673583765015
149,151,5.565014073462264
149,152,5.235733781481469
149,153,6.262792048306122
149,265,5.892562590201508
149,268,7.062828909913533
150,151,3.805263617389814
150,152,5.606558614211028
150,153,5.553489788999119
150,154,6.086517536401019
150,265,6.998852860447307
150,268,6.437898405993071
150,269,6.463541935299621
151,152,3.8100892231744976
151,153,5.594423221801514
151,154,5.0449420142297985
151,155,6.373406840213943
151,214,7.83845194799588
152,153,3.8079080470107134
152,154,5.490789804893227
152,155,5.488047651927967
152,156,7.49557595373266
153,154,3.8339872838836655
153,155,5.449119633466605
153,156,5.6538470824012705
153,157,6.941279654868636
154,155,3.8505450774704024
154,156,5.303479856449959
154,157,5.100555143751801
155,156,3.8596773512482287
155,157,5.7611168714666094
156,157,3.818211540166926
156,158,6.5076264878478245
157,158,3.7870522846973285
157,159,5.527334697930779
157,162,6.922044004601662
158,159,3.8208677032158804
158,160,5.590957299531341
158,161,5.474112933910508
158,162,6.022522055058142
159,160,3.785322902971114
159,161,5.542278087700867
159,162,5.193972720356956
159,163,5.700607261945808
159,204,6.550320175932656
159,207,6.189298182767321
159,208,6.3235853018548145
159,211,7.3568071888700395
160,161,3.8264132989053277
160,162,5.703973507067272
160,163,5.284836531525251
160,164,6.309564382507963
160,200,7.916075176591467
160,203,7.052592780152505
160,204,4.312020121040039
160,205,7.708699238997438
160,207,7.195363144745353
160,208,7.217540259421407
161,162,3.8074640270144573
161,163,5.475523498419949
161,164,5.250003868579258
161,165,6.262939026923161
161,200,7.7723602265645635
161,204,7.000337027214396
162,163,3.8512951009044185
162,164,5.4616146863669375
162,165,5.009410032992434
162,166,5.9985794058604
162,203,7.845493128684396
162,204,7.746159172744095
162,207,7.663492202972109
162,249,7.990678010686906
162,252,7.41179298990052
163,164,3.8231805239705494
163,165,5.444330356459461
163,166,5.202220582025783
163,167,6.036248426852209
163,200,7.282966986453631
163,202,7.932019486767435
163,203,4.232773631681472
163,204,4.851280710989979
163,205,7.572441283917047
163,206,6.729617912768453
163,207,4.861408077857911
163,208,7.597491758438334
164,165,3.8190568269071234
164,166,5.626252034024185
164,167,5.3862251717694924
164,168,5.999803549116167
164,194,7.688118865864808
164,199,6.401692486247416
164,200,4.1376465540259115
164,201,6.834760027002827
164,202,7.199105098013042
164,203,4.170768074628952
164,204,5.760778383334823
165,166,3.79173189747253
165,167,5.592661230813403
165,168,5.185312300546028
165,169,6.015520063305775
165,194,6.9272758531737475
165,200,7.382783592641023
165,203,7.334685326959324
165,252,7.303740598435099
166,167,3.7907322539099106
166,168,5.489009299309826
166,169,5.115950676186469
166,170,6.0972503180987285
166,203,7.0773195633258785
166,245,7.057508661960338
166,248,5.954570600680171
166,249,5.276949490588763
166,252,6.361644776291299
167,168,3.843575685066479
167,169,5.455109653235728
167,170,5.044123208530349
167,171,6.455348512315212
167,199,6.793631641706174
167,200,7.536230160562016
167,202,7.819115576134621
167,203,5.237267305697639
167,245,7.122553348447579
168,169,3.8208902293528375
168,170,5.440391368969574
168,171,5.231251675021543
168,172,6.345791423208078
168,193,5.77162518618347
168,194,4.984136714135608
168,199,6.286766000658532
168,200,7.306573317368693
168,203,7.638614410060705
169,170,3.8136189604795847
169,171,5.32713070169714
169,172,4.915671112817729
169,173,5.784788532787196
169,194,7.247233758270438
169,248,6.766748707499774
170,171,3.811922932841991
170,172,5.5324248214186245
170,173,5.381517067193617
170,174,5.665716825965053
170,175,7.289153080659078
170,177,7.1507213884104095
170,244,7.175209801593152
170,245,6.087167344781387
170,248,6.1987902867875215
171,172,3.859944870336393
171,173,5.851511301548825
171,174,5.5584210948671
171,175,4.844693224458459
171,176,7.4515837297623735
171,177,5.7159395547546294
171,178,5.692159033256762
171,193,7.183536098708949
172,173,3.8321901428061786
172,174,5.764891522457782
172,175,5.358504415525195
172,189,7.886138867960274
172,190,5.797035150865754
172,193,7.072706377214091
173,174,3.855277819531208
173,175,5.951233995393596
174,175,3.8403056486841605
174,176,5.661891849999505
174,177,5.923358201334081
174,426,7.126524072740173
175,176,3.815417726416788
175,177,5.118817712711279
175,178,5.561455472496132
175,425,7.4197937045946265
175,426,6.657322878399179
176,177,3.860422919551419
176,178,5.262460004443051
176,179,5.920205923383288
176,373,7.00720423221435
176,374,7.405857797138518
176,377,4.904254509373413
176,378,7.29080289713661
176,379,7.201813675558991
176,425,6.680685265502709
176,426,7.939000542196822
177,178,3.867316751138186
177,179,5.256287878933205
177,180,6.357849624975249
177,181,7.927220172741999
177,241,7.227688448405534
177,377,7.424920048687051
177,379,7.97329374764554
178,179,3.8532909637315402
178,180,5.380083511045451
178,181,5.207770992498808
178,182,6.8381147015461305
178,187,7.887703270039157
179,180,3.887223191985023
179,181,5.613079434011357
179,182,6.140847888109373
179,375,7.761135875869083
179,376,7.78766042821728
179,377,6.5892445485312185
180,181,3.8078206398886945
180,182,6.054772365762365
180,237,7.640211119926994
181,182,3.823906928918487
181,183,5.54870404244559
181,184,5.429666212081525
182,183,3.807319448335847
182,184,5.681105007494779
182,185,7.253747569104127
183,184,3.8475940497681798
183,185,5.779786547957922
184,185,3.809161074193563
184,186,6.801742461617319
184,187,7.786961852640468
184,196,7.864941376931309
184,198,5.649927828689881
184,199,6.905582278354017
185,186,3.7631747491224097
185,187,6.3506116789745874
185,196,7.450626820576466
185,198,7.643154822820689
186,187,3.7913362053797983
186,188,5.573311014418466
186,192,6.035437567463753
186,193,6.70840221509759
186,196,6.884073997559256
187,188,3.8174271249389946
187,189,5.870130657279511
187,190,7.399629728223375
187,192,5.529478478526168
187,193,4.624409928990239
187,196,7.521904226198255
188,189,3.8516757374249035
188,190,7.133090270085874
188,192,6.160051384890554
188,193,6.9610909397008705
189,190,3.826676101624486
189,191,5.5303790882696555
189,192,5.153741984794287
189,193,6.203777376031609
190,191,3.8080559558123652
190,192,5.434396565819243
190,193,5.117978965959054
190,194,6.035817221241586
191,192,3.8125425056144353
191,193,5.461789565871313
191,194,5.109866908376388
191,195,5.988150334439589
192,193,3.814572893623092
192,194,5.569460943597276
192,195,5.3362252154727505
192,196,5.863217640108231
193,194,3.8103032214691246
193,195,5.594435423282401
193,196,5.239312001641951
193,199,7.041855515324184
194,195,3.806994537820575
194,196,5.667480423837722
194,199,7.345789126685189
194,200,7.543621009384845
195,196,3.8409013768729
195,197,6.202333942957756
195,199,7.7484474934211205
195,200,7.30592934653367
196,197,3.8062509437778744
196,198,5.533524537100803
196,199,5.25668478627337
196,200,6.230984979111712
197,198,3.8350002641222765
197,199,5.452539265327137
197,200,4.99220423979417
197,201,6.0198698695797175
198,199,3.8082549403605928
198,200,5.360020513844835
198,201,4.964986357690338
198,202,6.044782189974727
199,200,3.7908239695265733
199,201,5.4767095847522596
199,202,5.27078778624257
199,203,5.93829288862668
200,201,3.826790133374526
200,202,5.598457287948778
200,203,5.050900708530698
200,204,6.289827289108862
201,202,3.8013457453994666
201,203,5.394593591176787
201,204,5.185065866679179
201,205,6.523347952403966
202,203,3.7925602497397186
202,204,5.312733447875158
202,205,5.02349412398224
202,206,6.05005372863746
203,204,3.8159707665383307
203,205,5.4392855588284865
203,206,5.152569253302668
203,207,6.0308159643418735
204,205,3.809537400796708
204,206,5.612595625115522
204,207,5.458137623421377
204,208,5.803266084375168
205,206,3.7687887759838943
205,207,5.6033030971337485
205,208,4.947628729064501
205,209,6.415137476301551
206,207,3.7871957139353687
206,208,5.362642879144981
206,209,5.422515467403427
206,210,6.387765263222904
207,208,3.811293682092432
207,209,5.3628947211332205
207,210,4.700027927714865
207,211,5.90871778723336
208,209,3.840998853131159
208,210,5.381700803034064
208,211,5.035673783148671
208,212,6.239744888169238
209,210,3.8063832146548977
209,211,5.391999479753996
209,212,5.018994102818258
209,213,6.315893053659617
210,211,3.830094202199942
210,212,5.420921266446712
210,213,5.084926378543131
210,214,6.708080154173246
210,276,7.603480877024749
211,212,3.7880091048205378
211,213,5.313812701483331
211,214,5.234680168966833
211,215,7.570535179303866
212,213,3.820956583102877
212,214,5.4159691345795
212,215,5.937261671192127
212,216,7.701760793182084
213,214,3.837479540857246
213,215,5.3839488919002685
213,216,5.323117618155126
213,217,6.70282374918628
213,220,6.592719983741706
213,223,6.435771554360659
213,224,7.531078425548546
213,276,7.858850881683069
214,215,3.8391972429392216
214,216,5.368399772059856
214,217,5.566912915013637
215,216,3.8509349961145163
215,217,6.090310033385929
216,217,3.8334399137647797
216,218,5.565028402243485
216,219,5.431007039428179
216,220,6.149974075404364
216,223,6.972228290193751
217,218,3.809495918030644
217,219,5.4967602477770825
217,220,5.6411476184542755
217,272,7.792025029113814
218,219,3.8657892691055524
218,220,6.188215687850026
219,220,3.793624816833489
219,221,5.502777691737723
219,222,5.515507156066723
219,223,6.132341340381286
220,221,3.8306426912078204
220,222,5.482560413892271
220,223,4.9028311876048445
220,224,6.04520930172766
220,275,6.89004285280838
220,276,6.337312528484859
220,279,5.674100690810857
221,222,3.8147254529203667
221,223,5.553150222968233
221,224,5.584078773895632
221,225,5.910710564853455
221,276,7.9106100535736905
221,278,7.722691329331663
221,279,4.366475967998118
221,280,7.284527656113697
221,282,6.965527833697507
222,223,3.790442705035941
222,224,5.585888782017932
222,225,5.235733361640066
222,279,7.710293558360067
223,224,3.8243718652495144
223,225,5.854845190779954
223,226,7.708194060715426
223,279,7.9733404618388635
224,225,3.8317966655897
224,226,5.64654980007156
224,227,5.343654639115242
224,228,5.914930119972247
224,276,7.771126495710942
224,279,5.899967452984946
224,280,5.662425941436046
225,226,3.824748597731219
225,227,5.543495041351704
225,228,4.975617580934293
225,229,6.325942098423127
225,279,6.9960570083318965
225,280,6.675508822374935
225,282,7.336052455093691
225,283,6.49483792647378
226,227,3.7989368665696626
226,228,5.4159240873426295
226,229,5.361198690773887
226,230,6.340781142405131
227,228,3.8395437520561435
227,229,5.43898688832826
227,230,4.870161501340699
227,231,6.090639783218684
227,280,6.677418969506008
228,229,3.789198040041997
228,230,5.367921120105818
228,231,5.21081976565303
228,232,6.223191084043503
228,279,7.20047635952149
228,280,4.3554410318816945
228,281,5.874429748034633
228,282,6.6378107968250895
228,283,5.543886659639218
228,284,6.863332538588337
229,230,3.8103399150960504
229,231,5.533671070817686
229,232,5.124960136245157
229,233,5.801868723035435
229,234,7.764749580100804
229,283,5.523326445294891
229,284,6.4928178506012975
230,231,3.7996422970267174
230,232,5.4079338154805985
230,233,5.426722432698863
230,234,5.266447004455261
230,235,6.315892208493217
231,232,3.7892971026750617
231,233,6.006233105716853
231,234,5.898552202005562
231,235,4.679479875154288
231,236,5.756958746658791
231,237,5.496823885437051
231,280,7.837156937107359
232,233,3.818406743825353
232,234,5.914985938554507
232,235,5.995581072693981
232,236,4.917262238075104
232,237,6.059057047436082
232,238,7.700887457960643
232,281,7.969866798070112
232,283,7.464864688992211
232,284,5.414222523216058
232,285,7.536066837116313
232,326,7.1357231790773445
233,234,3.7635782664627135
233,235,6.182329258229421
233,236,6.033002069451746
233,284,7.844185035312793
234,235,3.7979042012957476
234,236,5.747737373675673
235,236,3.8237051348695097
235,237,5.493378725980661
236,237,3.824440166419782
236,238,6.48326940414846
236,326,4.718537782886279
236,327,7.21480749322228
236,329,7.129504075767111
237,238,3.7833029040382997
237,239,6.099248788687698
237,241,7.268411269571541
237,326,6.077610288052257
238,239,3.8415888109445406
238,240,5.450390143237635
238,241,5.980277541516068
238,323,5.934483975011873
238,324,7.172040004000987
238,326,5.766356524204163
238,327,7.714847523112151
238,379,7.825053469393543
239,240,3.8544112674422926
239,241,5.161274694767546
239,242,5.364025045401517
239,243,7.0764240170484864
239,277,7.053429993922191
239,280,7.347444611087058
239,281,5.486190693651339
239,323,6.994133666151518
240,241,3.8849016411232298
240,242,5.4147685476910405
240,243,5.158632594262199
240,244,6.403387206127365
240,379,7.326551655261768
240,381,7.5441041526208705
241,242,3.838318838156062
241,243,5.383931346155716
241,244,5.028304399359485
241,245,6.101715395923358
242,243,3.8226697496724036
242,244,5.510248718280444
242,245,5.092983404466385
242,246,6.171336445354986
242,276,7.998917832563104
242,277,5.0432154060924725
242,280,7.706191587272858
243,244,3.8266407462760537
243,245,5.4352279892945115
243,246,5.024942882756395
243,247,6.4693715407938805
243,273,7.293275979037226
243,274,6.820072122935304
243,277,5.814177914261309
244,245,3.8483582323843852
244,246,5.402127744930723
244,247,5.280713751530309
244,248,6.357434233986915
245,246,3.8288972521697655
245,247,5.51112664501085
245,248,5.137203736892533
245,249,5.999985695425267
246,247,3.8353889841865216
246,248,5.5519710018386075
246,249,5.091692968763307
246,250,6.291569094337779
246,270,7.735183012356977
246,273,4.97625189520683
246,274,7.169743364661518
246,277,7.527015652015555
247,248,3.8364724047295047
247,249,5.423539345044146
247,250,5.121274169427883
247,251,6.310536037042343
247,270,7.969585530596516
247,273,7.689577210225168
248,249,3.8279047394974017
248,250,5.423274039920545
248,251,4.965059643413694
248,252,6.140034701811414
249,250,3.8694003620159516
249,251,5.3694371110152534
249,252,4.984825031838003
249,253,6.213646253915074
250,251,3.8093313577255326
250,252,5.475953425174798
250,253,5.212568421939465
250,254,6.168815447922178
250,266,7.1627045050402565
250,269,7.049748577428312
250,270,7.37887668717054
251,252,3.8395085175066463
251,253,5.5199835089363205
251,254,5.028813165401574
251,255,6.077146900068107
252,253,3.823226864091913
252,254,5.354606978947637
252,255,4.983155983250561
252,256,5.926593077093891
253,254,3.800564863977677
253,255,5.4693865333867295
253,256,5.118620411587039
253,257,5.737211421637053
253,258,7.798462080318533
253,261,7.047434978279072
254,255,3.8274545772775035
254,256,5.59424756180088
254,257,5.434675694524542
254,258,5.3496482469480835
254,259,7.758095359343547
254,261,5.542309875664967
255,256,3.8159428153531767
255,257,5.8182159380057
255,258,5.5689231343656695
256,257,3.810342806501119
256,258,5.874723804399757
257,258,3.825005993505567
257,259,6.504459263944957
257,260,5.811908977856726
257,261,5.917922404545201
258,259,3.8080719473660034
258,260,5.586369090801135
258,261,5.86881469549635
259,260,3.856371559854439
259,261,5.375264713680317
259,262,6.061019052485322
260,261,3.8323355587035635
260,262,5.407991154648108
261,262,3.8068985155522617
261,263,6.839018483587512
261,265,5.665006173362609
261,266,6.172142628353328
262,263,3.825893208608132
262,264,5.498017506007497
262,265,5.107226694573579
262,266,6.064966895847396
263,264,3.8229542417802937
263,265,5.535530235307486
263,266,5.118817615297316
263,267,6.210843411018373
264,265,3.820895547061661
264,266,5.3598904023804765
264,267,4.988369868585422
264,268,6.375366365080666
265,266,3.8048507784307652
265,267,5.423361884567869
265,268,5.196263775757465
265,269,6.383787856264965
266,267,3.821933322137878
266,268,5.408464694355519
266,269,5.022082441624455
266,270,6.056564094843298
267,268,3.8219710843560786
267,269,5.439519364676263
267,270,5.017252749161879
267,271,6.442540726568138
268,269,3.849233002100665
268,270,5.487263655318171
268,271,5.329376164343435
268,272,6.507003147067523
269,270,3.819251722062656
269,271,5.353326003423589
269,272,4.904594828521667
269,273,6.101461925428132
270,271,3.8082615278023857
270,272,5.387093041638816
270,273,5.247266450243957
270,274,6.0379158130014625
271,272,3.827486781123544
271,273,5.70263901882741
271,274,5.20132938734444
271,275,5.993847574461694
272,273,3.8314470632103284
272,274,5.417070837330348
272,275,4.964823776514068
272,276,6.068653407350602
273,274,3.8327074768387948
273,275,5.432951436801536
273,276,5.168123903588464
273,277,6.1047603792030305
274,275,3.8330253280531585
274,276,5.581160419652717
274,277,5.238805835969735
274,278,6.086121360095321
275,276,3.8095804204647576
275,277,5.531349039708267
275,278,5.114075107994185
275,279,6.070680289117885
276,277,3.8325433208259643
276,278,5.429603937960031
276,279,5.011494028340024
276,280,6.139379524862624
277,278,3.8207109435095825
277,279,5.456547358412721
277,280,5.150234280688687
277,281,6.134460376506166
278,279,3.838724028180193
278,280,5.489212378126155
278,281,5.038458135008667
278,282,5.989705050848596
279,280,3.8082626566552285
279,281,5.408766595018122
279,282,5.122588876216688
279,283,7.951491160476307
280,281,3.8131509127712473
280,282,5.603293406675198
280,283,7.14858230890997
281,282,3.8106556743381503
281,283,5.82702133354576
281,284,5.656630443854394
282,283,3.8000696915670824
282,284,5.620145592306293
283,284,3.799845277788834
283,285,6.414820924299459
284,285,3.8111536826551196
284,322,7.283689608321494
284,323,6.72292708403431
285,322,5.619028882080937
285,323,7.061740206758693
286,287,3.7888205607604757
286,288,6.137069385970122
286,416,7.663075422101866
287,288,3.775826477343253
287,289,6.539697511848627
287,290,7.874197941007975
287,291,5.576391765703333
287,292,6.372542545455565
287,409,7.703468931014599
287,412,6.9891325735918155
287,413,6.832028500161517
287,416,7.8972375774975285
288,289,3.794405181826233
288,290,5.260100365674331
288,291,4.971736695858879
288,292,6.351279683454892
289,290,3.827580234819743
289,291,5.407575262102395
289,292,5.091229972214543
289,293,6.255141162136389
290,291,3.8098055686423544
290,292,5.371049097903055
290,293,4.999068898968049
290,294,6.111408113136254
291,292,3.79066427862389
291,293,5.42840138632774
291,294,5.060489982957688
291,295,6.126551923853951
291,406,7.533586210943043
291,409,4.747511118268711
291,410,7.579328483534818
291,412,7.979770753647133
291,413,7.733638383347083
292,293,3.804690725647278
292,294,5.439617981601998
292,295,5.163971361494694
292,296,6.0907382466213615
292,355,7.904354272814715
292,358,6.986846402718074
292,409,7.520384460655359
293,294,3.834284645160528
293,295,5.57503660390024
293,296,5.299563401534995
293,297,6.276114484446712
294,295,3.8409738173781474
294,296,5.618051861717509
294,297,5.320550197468195
294,298,6.199205619459033
294,405,7.95439332754296
294,406,5.577763130747524
294,409,6.396791740818918
294,410,7.614660015036325
295,296,3.821715641444562
295,297,5.425285198163882
295,298,5.224528817247013
295,299,5.776616508138208
295,300,7.931773504835765
295,355,7.056970690166532
295,406,7.121657222805454
295,409,6.46945606129446
295,410,5.924684649760955
295,413,7.4233711793240245
296,297,3.8086493336369944
296,298,5.702246343381834
296,299,5.420086303778672
296,300,5.596577841910535
296,355,6.222958491480516
296,356,7.690809947249754
297,298,3.798717651253569
297,299,5.709328569904975
297,300,5.0886401907620336
297,301,6.459120210175381
298,299,3.845230794619976
298,300,5.40193604342073
298,301,5.269588172023664
298,302,6.900547568134167
298,398,7.733698544460551
298,401,6.165688885195581
298,402,7.657499200925911
298,406,7.618160818005573
299,300,3.8186004208942954
299,301,5.215351638385869
299,302,5.044074854181249
299,303,6.877985989317187
299,352,7.479795976255831
299,355,7.620629283894083
300,301,3.832342420476284
300,302,5.4321650589501225
300,303,5.334415197238551
301,302,3.8050123423964646
301,303,5.173867512771365
301,398,7.9113699710748255
302,303,3.7797128780125653
302,304,6.270997626042524
302,305,5.4681918035527275
302,306,5.772344994664059
303,304,3.791029895995456
303,305,5.554771776620215
303,306,6.122811872006799
304,305,3.834673129566633
304,306,5.659081578264723
304,307,7.3904341076509805
305,306,3.8474514625003637
305,307,5.461740733890504
305,308,5.20494771296972
305,309,6.018953849580901
306,307,3.8540260023248423
306,308,5.514491930198582
306,309,5.085452921321923
306,310,5.844703314174646
306,344,7.943694346218994
306,345,6.380430949913167
306,348,5.216647617942355
306,349,6.9469736434460065
307,308,3.805145755251246
307,309,5.58518008716735
307,310,5.249449561462057
307,311,6.288253577260782
307,341,6.7429707362462885
307,342,7.475848966165742
307,344,5.485712410970603
307,345,3.774166753488667
307,346,7.448562671002099
307,348,6.034167464260522
307,349,7.574276799277344
308,309,3.815875575317089
308,310,5.508692193524996
308,311,5.222173123561902
308,312,6.241067299456526
308,341,6.899803520830669
308,344,6.8957803176288115
308,345,7.046241399088482
309,310,3.79819912797469
309,311,5.383523040649429
309,312,5.029784968466366
309,313,6.075113850964865
309,344,7.204548693309697
309,348,7.477868602340495
309,390,7.743263039712281
309,393,6.532554969244398
309,394,7.581445918526144
310,311,3.81479559376716
310,312,5.530979908441767
310,313,5.170115957577949
310,314,6.374722164157946
310,341,7.64599323819278
310,343,7.747571006613029
310,344,3.9948871500407153
310,345,5.8375018497296995
310,346,7.946377812269432
310,347,6.189302063374569
310,348,5.1826751007186065
310,390,7.192066806447955
311,312,3.836608269968118
311,313,5.4500936306750765
311,314,5.1668545812098445
311,315,6.315222665391189
311,340,5.758125817309475
311,341,4.993688670578432
311,342,7.678764275411183
311,343,7.009431473066423
311,344,3.9176983052833387
311,345,6.855559097830073
312,313,3.823983219714462
312,314,5.408788856703825
312,315,5.08542501869005
312,316,5.974959286784657
312,344,7.527644810425881
312,393,6.899294640582624
312,549,7.66459165059054
313,314,3.831797288483857
313,315,5.540779230280672
313,316,4.955303644281107
313,317,6.14499562433785
313,344,7.709222463942048
313,386,7.001180351935451
313,389,5.11559135324844
313,390,4.966297754375682
313,392,7.74285420743979
313,393,5.7919646939351495
314,315,3.8325504467419687
314,316,5.32316824369251
314,317,4.961725280900716
314,318,6.172554082220947
314,340,7.292264174307961
314,344,6.732987594422319
314,386,6.935716815347624
314,389,7.331967146674245
314,390,7.9461552349414255
315,316,3.804390942836104
315,317,5.345914054969234
315,318,5.126574634878866
315,319,6.129995128226178
315,333,7.970568873080079
315,335,7.388129228187041
315,340,7.797741443339628
315,549,6.766285536786882
316,317,3.822223447641232
316,318,5.67154676660875
316,319,5.407182408323741
316,320,5.95512428847747
316,389,6.016913938463395
316,549,4.7472992249192
316,550,7.535121990954137
316,552,7.364162444724531
316,553,7.343274689400601
317,318,3.819096908972939
317,319,5.4922022778472295
317,320,5.212190125013869
317,321,5.421778131455424
317,322,7.342179966991729
317,324,7.165574181139922
317,385,6.6818537486005285
317,386,5.877553729498668
317,389,5.808670745338653
318,319,3.792190534230181
318,320,5.721106003898607
318,321,5.377730754085707
318,322,4.9871672728493746
318,323,7.591855624229011
318,324,6.005299861102902
318,325,5.784542310482335
319,320,3.801570187049332
319,321,5.702711090327156
319,322,5.726917121193671
319,549,6.851081324350803
319,550,6.681385924612061
319,553,5.848557333958242
320,321,3.81498335306285
320,322,6.165553845098179
320,549,7.641344984180498
320,550,7.685995881605897
320,552,6.91897184216647
320,553,4.177454984483391
320,554,7.640100277432373
320,556,6.480776542497133
320,557,7.989147521409476
321,322,3.8186780562076708
321,323,5.586828252795987
321,324,5.981947262796588
321,325,7.971988045515585
321,385,7.363340821786485
321,553,7.846017409047901
322,323,3.799368839829888
322,324,5.2371489987030335
322,325,5.450563885443156
322,326,7.803445416118222
323,324,3.8393012480739044
323,325,5.283417719810714
323,326,5.6704268925610215
324,325,3.8148750576383255
324,326,5.269091413319162
324,327,6.041827464657434
324,328,7.7026832628378665
324,382,6.7618496564627
325,326,3.8471935912839546
325,327,5.335750662915597
325,328,5.219424704709789
325,329,6.636653550305632
326,327,3.8668399963689732
326,328,5.585485431931852
326,329,6.022468974990228
327,328,3.840302804479341
327,329,6.181984094936152
327,378,7.106280437109654
328,329,3.8183238182688686
328,330,5.266282370270162
328,331,5.398064874864161
328,333,7.921825413018389
329,330,3.813540836864406
329,331,5.522509361286804
329,332,7.902289196699885
330,331,3.785658354420288
330,332,6.891485830890681
331,332,3.779412513303839
331,333,5.599147175642871
331,339,6.389784488743205
331,340,7.64322610897499
332,333,3.8049115112401832
332,334,5.678240884579704
332,337,6.3546685648199785
332,339,6.715361498294932
332,340,7.685440256426233
333,334,3.8232092757793215
333,335,6.442138796070184
333,337,6.367209311583779
333,339,7.615288281623772
333,340,6.547207925558705
334,335,3.7834083996480428
334,336,6.3176221471151734
334,337,5.707931546406405
335,336,3.7963317121891675
335,337,5.634236913206611
336,337,3.792445997911121
336,338,6.462883363465364
336,340,7.03881851550171
336,341,6.776126415985499
337,338,3.7860022605232153
337,339,5.422080145305238
337,340,5.447880915652501
337,341,6.295626060397638
338,339,3.8101418717081583
338,340,5.5773104741202495
338,341,5.0859515263473645
338,342,5.9188194742730955
339,340,3.828101659965815
339,341,5.470753131049042
339,342,5.089487402513472
339,343,5.993353768072306
340,341,3.811824752128057
340,342,5.456725643758034
340,343,5.097196031831369
340,344,5.783414778941904
341,342,3.812467638273201
341,343,5.550554589736495
341,344,4.940226956923015
341,345,6.2744158730945925
342,343,3.8170531796881866
342,344,5.364878134115498
342,345,5.198615861419103
342,346,6.428913165044174
343,344,3.8290359362702904
343,345,5.373883832432312
343,346,5.004046455933038
343,347,6.219919547286234
344,345,3.8203655160655847
344,346,5.483402738480027
344,347,5.258206174847514
344,348,6.134001071147577
345,346,3.8106050052973957
345,347,5.495903939789108
345,348,5.087402061711931
345,349,5.92516600957357
346,347,3.803986500560696
346,348,5.48910286315587
346,349,5.171187370828151
346,350,6.131660828671796
347,348,3.7949429868579787
347,349,5.56640019698757
347,350,5.185510551233747
347,351,6.39290259805392
348,349,3.847354910290154
348,350,5.385637323206046
348,351,5.037382777552042
348,352,6.245089656331179
349,350,3.811726709312531
349,351,5.327177332405571
349,352,4.849233344203296
349,353,6.214276337917604
350,351,3.8263798351832445
350,352,5.380348028736625
350,353,5.018931954109013
350,354,6.213531836169946
350,365,7.68475719966346
351,352,3.820686758668819
351,353,5.31419628972967
351,354,4.824389867100647
351,355,6.075196819306457
352,353,3.82620336762733
352,354,5.371242172539162
352,355,5.115165030984677
352,356,6.116683916791316
353,354,3.8105482226131318
353,355,5.580883615449609
353,356,5.102210522886693
353,357,6.246684646158531
353,364,7.1636912007664995
354,355,3.8550995533006804
354,356,5.373028393607898
354,357,5.119237528587666
354,358,5.453105315292387
354,361,5.739075877240516
354,364,6.566215255101196
354,365,7.019663955095679
354,417,7.553322408573704
355,356,3.811276075524873
355,357,5.488165905007402
355,358,4.86798215482464
356,357,3.822499124322168
356,358,5.711089832732967
357,358,3.8221106443029087
357,359,5.519948691916153
357,360,5.623464427760681
357,361,6.036484460298249
357,364,6.556965477058585
358,359,3.860278806935033
358,360,5.509655937836679
358,361,5.513363499388151
359,360,3.8256726520946214
359,361,6.263587116896753
360,361,3.8283491448192537
360,362,5.65207909852131
360,363,5.7692531246305325
360,364,6.404638282373818
361,362,3.82230328589432
361,363,5.424466808554855
361,364,4.94737604245887
361,365,5.815519420350295
361,417,7.282792293791924
361,420,7.0854324759112695
362,363,3.8158135624548386
362,364,5.673436842313667
362,365,5.5115648630188465
362,366,5.752445229060621
362,420,5.722240197684652
363,364,3.828931581026001
363,365,5.567101520603859
363,366,5.022024070724667
364,365,3.8104047302493806
364,366,5.625446904907972
364,367,7.919778493653895
365,366,3.8007427615946794
365,367,5.651807272928723
365,368,5.260235212349085
365,369,6.027345404597991
365,420,7.406498255853541
365,421,7.317572313030924
366,367,3.8075787797942993
366,368,5.478588261684014
366,369,5.163304048624242
366,370,6.226417879590083
367,368,3.814333144301561
367,369,5.534494500821737
367,370,5.072255992062633
367,371,6.234023862678773
368,369,3.8209444958767147
368,370,5.251709306576082
368,371,4.922269670427731
368,372,6.169957934572919
368,421,6.682897949762176
369,370,3.8302329789404816
369,371,5.509110767947342
369,372,5.297512233827892
369,373,6.034038310750912
369,420,6.5225229360441475
369,421,4.283581835098767
369,422,6.341719448581593
369,423,6.900059694050917
369,424,6.650531376406353
370,371,3.817822861096659
370,372,5.555630355627447
370,373,5.241728390061385
370,374,5.863533706930536
370,375,7.81662027105161
370,421,7.873915565271544
370,424,6.8137739862953115
371,372,3.7922125468200756
371,373,5.638582065305838
371,374,5.530396789174011
371,375,5.366779954776687
371,376,6.259994157839622
371,377,7.988587703837743
372,373,3.8131421267451096
372,374,5.75166544199671
372,375,5.7663576246418105
372,376,4.751752065764397
372,377,5.22314562886711
372,378,6.6107267908690845
372,421,6.646784423644051
372,422,7.059252428253504
372,425,7.7153969828430435
373,374,3.7983189894694793
373,375,6.123795856094733
373,376,6.671201570842522
373,377,5.2007436069251165
373,378,7.769798035303088
373,421,7.574438481277507
373,422,6.325871573311143
373,423,7.74860077509178
373,424,5.587286128950162
373,425,4.362517817555217
373,426,7.762968484955366
374,375,3.78611684987247
374,376,6.453731194658559
374,377,6.080422511320742
374,425,7.045987649268497
375,376,3.8211454401907328
375,377,5.486968614410282
376,377,3.79078989192781
376,378,5.551169847672446
377,378,3.789699905980504
377,379,6.243481433569259
377,425,7.541176038298515
378,379,3.817916918640459
378,380,6.18841107782202
378,382,7.20487602949976
379,380,3.80991599984927
379,381,5.521392343984457
379,382,6.040526294280326
379,383,7.957664098101435
380,381,3.8293451578115163
380,382,5.389265712788932
380,383,5.707904164474126
380,384,7.810708887334972
380,422,6.479884265556752
381,382,3.8328112651120496
381,383,5.63794676881015
381,384,5.985217406021505
381,385,7.2573540323292205
382,383,3.81945652915146
382,384,5.350990943353909
382,385,4.99975361985104
382,386,6.449085867934925
383,384,3.8274883894562164
383,385,5.366284033515699
383,386,5.326694098765955
383,387,5.941336488803978
383,418,5.83043756599979
384,385,3.819928961518576
384,386,5.640504680144081
384,387,4.926695211165427
384,388,6.089716748140875
384,415,7.169539279067171
384,418,7.525606007162216
385,386,3.800953315524328
385,387,5.370920875745299
385,388,5.251859377014094
385,389,6.394122317903504
386,387,3.8247052309925174
386,388,5.4345684253661
386,389,4.990024462437632
386,390,6.090561813204936
387,388,3.812439205058237
387,389,5.415772747950408
387,390,5.119116646077243
387,391,6.20348701717114
387,411,7.520499878265488
387,414,5.740256563919805
387,415,7.083998540555058
387,418,7.911384299220526
388,389,3.823131524919674
388,390,5.529020378954261
388,391,5.050313806953275
388,392,6.315525441655563
388,411,7.793864977812135
388,533,7.757746271104346
389,390,3.8266407324209974
389,391,5.28353030168893
389,392,5.0485297503922215
389,393,6.081770314805452
390,391,3.8199512158299673
390,392,5.537050008724758
390,393,5.009450966275077
390,394,6.228100187949936
391,392,3.855011302964501
391,393,5.38084643214858
391,394,5.175022561487323
391,395,6.163622627975475
391,407,7.73036105234856
391,410,7.1610218799194705
391,411,6.9030811792502345
391,537,7.1995286100509945
392,393,3.7844929827766123
392,394,5.43893058152894
392,395,4.953321659148343
392,396,6.084946430479631
392,536,7.240196994890158
392,537,5.163498524253613
392,540,5.946514641137294
392,541,7.683164765747146
393,394,3.796774778083968
393,395,5.438529266089414
393,396,5.160365152864583
393,397,6.312113280376426
393,540,7.560037425867488
394,395,3.8130269555708676
394,396,5.405807043268583
394,397,5.118037281186004
394,398,5.676176206875668
394,402,7.617530189726698
395,396,3.814120041459319
395,397,5.511825400257469
395,398,5.423364926988454
395,399,6.412226592245803
395,402,5.833243727685405
395,537,6.300384710324748
395,538,7.61323468923906
395,540,5.683134807751756
395,541,4.577655642933709
395,544,7.375772666561506
396,397,3.8163289002692604
396,398,6.049203545663303
396,399,6.7499704630232396
396,540,4.720798956408159
396,541,4.8617618944406145
396,542,7.552686038542937
396,543,7.119657685457431
396,544,4.134814443406962
396,545,6.036517227002606
396,547,7.301121417098263
397,398,3.8507577220626708
397,399,6.126017190000883
397,541,7.611233530539536
397,544,6.263855036308316
397,545,7.325221710505232
398,399,3.809508703643079
398,400,5.610919676255931
398,401,5.3477710726240675
398,402,5.882080710074517
398,541,7.52690955719608
399,400,3.806722351088981
399,401,5.650236989142183
399,402,5.8041051519718225
399,541,5.899983701596933
399,542,7.669945382021643
399,544,7.457081424007946
400,401,3.797853436884883
400,402,6.041817037642249
400,403,7.570432566397448
401,402,3.8260752176706565
401,403,5.830921698190989
401,406,7.1916474134843025
402,403,3.812230214183158
402,404,6.662875803581126
402,405,7.930951195756294
402,406,5.628052494301576
402,407,5.749455387793711
402,541,7.335088646152544
403,404,3.8157236225132225
403,405,5.398508560208637
403,406,5.112572935040959
403,407,5.934428471498033
404,405,3.806843804311896
404,406,5.551159027401491
404,407,5.046789088860161
404,408,6.279409942003074
404,455,5.690896263629768
404,458,6.581899739661511
404,459,7.098337270392428
404,476,6.685825085957436
405,406,3.824980066406776
405,407,5.43957531546749
405,408,5.2137210862829955
405,409,6.303259242814316
405,458,7.1268650320428275
405,459,7.4824375016232825
405,476,6.24592716090534
406,407,3.8158514870859355
406,408,5.373727714622784
406,409,4.960033590278555
406,410,5.9508369025702335
407,408,3.846576322112273
407,409,5.525026935946107
407,410,5.166761271895481
407,411,6.093078043153417
407,459,6.958269728402808
408,409,3.8256382104301085
408,410,5.507777985283652
408,411,5.136096199544549
408,412,6.161686422453764
408,458,6.875124422216906
408,459,4.477230730349631
408,460,7.7918814579061735
409,410,3.802252984986868
409,411,5.469494088614487
409,412,5.112302811389468
409,413,6.0685902281057285
410,411,3.821366238235736
410,412,5.427801099710232
410,413,4.995211141229152
410,414,6.207769743347215
411,412,3.8214637634244735
411,413,5.471646241791098
411,414,5.3504570864992305
411,415,6.200391961910417
411,459,7.749825134278411
412,413,3.823914058445808
412,414,5.591820640457174
412,415,5.079916738285875
412,416,6.141590920054695
413,414,3.816514513801547
413,415,5.354379786722931
413,416,4.993364593317194
413,417,6.1453447913659325
414,415,3.767800973211919
414,416,5.3620296284698465
414,417,4.994915937954804
414,418,6.049241252143843
415,416,3.841085159100712
415,417,5.477744146289228
415,418,4.961628390359319
415,419,6.168918720033404
416,417,3.8061165184611543
416,418,5.295689039753951
416,419,4.9566729779921825
416,420,6.2935383485308085
417,418,3.829988029491275
417,419,5.463615633694196
417,420,5.200934285177662
417,421,6.2297306648602975
418,419,3.82831141488698
418,420,5.434621632846752
418,421,5.0343435232843525
418,422,6.271762333755842
419,420,3.801720919975282
419,421,5.492904991093241
419,422,5.309808871105306
419,423,5.848976397916389
420,421,3.8341454113731297
420,422,5.498882009795403
420,423,4.996951333337083
421,422,3.835977533867682
421,423,5.698967283403396
421,424,7.564500881149515
422,423,3.842722500228315
422,424,5.6955055313242635
422,425,5.532912762848792
423,424,3.8163750553109366
423,425,5.8266486723832065
423,426,7.742576563449068
424,425,3.7988324029680607
424,426,5.508148860911683
425,426,3.827801232834554
427,428,3.7886535956633076
427,429,6.462197191225175
427,557,7.198204287259511
428,429,3.7845305186134723
428,430,6.547406973781502
428,431,7.888655445489316
428,432,5.529340151726162
428,433,6.097715960460029
428,554,6.65057835611275
428,557,6.827395033363018
429,430,3.8108074192376558
429,431,5.402298025805921
429,432,5.061747880930211
429,433,6.3129015196303495
430,431,3.839502854311585
430,432,5.4440353461302715
430,433,5.181728154020686
430,434,6.319066207034254
431,432,3.822780380781318
431,433,5.468355493777663
431,434,5.055299401552553
431,435,6.1569416920620945
432,433,3.8034272241032765
432,434,5.355090723432375
432,435,5.039422880624072
432,436,6.139436227536677
432,551,7.223165509602511
432,554,5.312437668564035
433,434,3.81322129368513
433,435,5.505469982968647
433,436,5.20560599831211
433,437,6.17279589302686
433,554,7.4173144447869825
434,435,3.8046828779450883
434,436,5.502705664572727
434,437,5.159193061791356
434,438,6.034974134944488
435,436,3.8317115033087408
435,437,5.4844660259933296
435,438,5.101084754328019
435,439,6.219717417764242
435,551,6.389392172407731
435,554,7.525036792370719
436,437,3.8148440579652467
436,438,5.526244177194829
436,439,5.460149037906523
436,440,6.068725902978842
436,551,7.039435324865512
436,554,6.619270049127576
436,555,6.580648215383684
437,438,3.824321966376101
437,439,5.655064206903787
437,440,5.16974351355329
437,441,6.315686593501031
437,500,7.741596987698414
438,439,3.8134937396485973
438,440,5.5070197429205585
438,441,5.355691992272844
438,442,7.364242714084991
439,440,3.8050850877729987
439,441,5.36925516714954
439,442,5.609148909356731
439,443,7.115019877252129
440,441,3.830505530643302
440,442,5.273202513484236
440,443,5.179054317850975
441,442,3.806639719439449
441,443,5.67771031907916
442,443,3.8256198130157175
442,444,6.751784146872288
443,444,3.7652540682852
443,445,5.5750229364202175
443,448,7.173344667345231
444,445,3.8128063513353667
444,446,5.710071343024939
444,447,5.389779447569172
444,448,6.0652992958588605
445,446,3.8283804616532278
445,447,5.505366869165124
445,448,5.269215653700668
445,449,5.748038181661428
445,490,6.890700734698611
445,493,6.428185449760689
445,494,6.42700992159568
445,497,7.311620441631603
446,447,3.818454149874453
446,448,5.676610887100857
446,449,5.10331440868923
446,450,6.145357815963187
446,486,7.885541300209724
446,489,7.083678014952479
446,490,4.594029367955239
446,493,7.260716301614087
446,494,7.26605613714849
447,448,3.8085791482263662
447,449,5.453682979443346
447,450,5.368082814256575
447,451,6.248546732414132
447,490,7.452150969989129
448,449,3.8433381190478775
448,450,5.556344760594817
448,451,5.004798775422637
448,452,5.957330352232481
448,489,7.995662301068183
448,493,7.808597262402414
448,538,7.315437631450949
449,450,3.8122208358123557
449,451,5.409202687627108
449,452,5.202756935893323
449,453,6.066295146815959
449,486,7.171761897917931
449,489,4.323856429505506
449,490,5.023972119591756
449,491,7.7574418320664345
449,492,7.014874161170365
449,493,4.989760259738182
449,494,7.632620215784356
450,451,3.8439294177723395
450,452,5.655918178768182
450,453,5.391214142568064
450,454,6.021521998350198
450,480,7.574330350948967
450,485,6.598856726915911
450,486,4.065235791985833
450,487,6.867787631485935
450,488,7.316096229304363
450,489,4.305037179440407
450,490,5.883024058775744
451,452,3.8124459458391007
451,453,5.597045890036666
451,454,5.207073658271974
451,455,5.9955635985236215
451,480,6.851454251045942
451,486,7.366383279851176
451,489,7.420490509148894
451,538,7.476787938596351
452,453,3.788915949882087
452,454,5.472817575603095
452,455,5.0530692022369
452,456,6.084055507822792
452,489,7.054885629640025
452,531,7.033763660129806
452,534,5.898327954601428
452,535,5.520132872967048
452,538,6.453119315084461
453,454,3.798040294046857
453,455,5.413713847208895
453,456,4.984577980161632
453,457,6.424133226739801
453,485,6.828756904298797
453,486,7.2775315686883495
453,488,7.637264728290413
453,489,5.1720811384346925
453,531,7.114404918427528
454,455,3.8206016783008545
454,456,5.368132284993326
454,457,5.181641976985171
454,458,6.233470827944141
454,479,5.775141450775359
454,480,4.955474809450378
454,485,6.341131794363252
454,486,7.173116127132201
454,489,7.645826690280381
455,456,3.8283604423153474
455,457,5.368035808460928
455,458,4.8922711110712624
455,459,5.720287050533335
455,460,7.965237029629944
455,480,7.273990726577841
455,534,6.74720768799627
456,457,3.7851333235216083
456,458,5.472766354968031
456,459,5.374921360589302
456,460,5.5634736970689245
456,461,7.2091005368410555
456,463,7.011858410228175
456,530,7.1115214409914485
456,531,6.017204043737028
456,534,6.253761718920092
457,458,3.80814604580736
457,459,5.828677421390689
457,460,5.497336589900335
457,461,4.809252949833233
457,462,7.326379390939943
457,463,5.660105079366987
457,464,5.5876556728980225
457,479,7.17058848724665
458,459,3.7994833161454586
458,460,5.718828607882242
458,461,5.3985371796111234
458,475,7.983823598067835
458,476,5.777893249946733
458,479,7.065743477797363
459,460,3.8468670989945943
459,461,5.964986564251465
460,461,3.817056096243324
460,462,5.6212524464900415
460,463,5.993168241377687
460,530,7.9145895298428695
461,462,3.7716872994023505
461,463,5.159529263886489
461,464,5.5635868561109545
462,463,3.835891106783556
462,464,5.2570750288200445
462,465,5.889585944919531
463,464,3.822149016672799
463,465,5.243074658879682
463,466,6.693505407344176
463,527,7.017558096688242
464,465,3.838878674956212
464,466,5.489064060522638
464,467,5.282505146350911
464,468,6.991975748802529
465,466,3.843711694622973
465,467,5.608296979002234
465,468,6.413870840420409
466,467,3.8234893951803635
466,468,6.179068939651516
467,468,3.812727485702862
467,469,5.377065636759849
467,470,5.3131414243208015
468,469,3.856714444092212
468,470,5.491432891758389
468,471,6.834891036271839
469,470,3.8295239727248793
469,471,5.793118038866842
470,471,3.7979861222998617
470,472,6.731420227991228
470,473,7.796580660357492
470,482,7.872997126136315
470,484,5.647262714070159
470,485,6.937824427387349
471,472,3.774435430733129
471,473,6.421034968342293
471,482,7.650462014393094
471,484,7.80203296032207
472,473,3.806971443901143
472,474,5.569448312167079
472,478,6.059622904138314
472,479,6.780328197945044
472,482,6.890471391042651
473,474,3.829882201614128
473,475,5.817521623488451
473,476,7.4222140957240885
473,478,5.409173399984134
473,479,4.604317711279251
473,482,7.445141239522401
474,475,3.811497301218438
474,476,7.123844776803599
474,478,6.039272454891753
474,479,6.98228289929953
475,476,3.804152162497955
475,477,5.394003877793759
475,478,5.0397099476049965
475,479,6.206416995295693
476,477,3.821921322797947
476,478,5.492491526111064
476,479,5.25007498631216
476,480,6.193111471165178
477,478,3.8298725266582205
477,479,5.505573955366258
477,480,5.201718372959731
477,481,5.918219284266625
478,479,3.8053253115129695
478,480,5.5759026733414565
478,481,5.141247082474379
478,482,5.851771211057759
479,480,3.813733857197989
479,481,5.48143327674391
479,482,5.197490856574912
479,485,6.940950542662733
480,481,3.8056973561050715
480,482,5.631646404588246
480,485,7.329450636053801
480,486,7.471419676682794
481,482,3.8164695729473834
481,483,6.26806622929091
481,485,7.89684184858322
481,486,7.580149939418144
482,483,3.823958127716299
482,484,5.542957763556245
482,485,5.304854196749644
482,486,6.314105999814287
483,484,3.834078365243949
483,485,5.442019188330272
483,486,4.989372231137479
483,487,5.959702097080422
484,485,3.8381071257756956
484,486,5.4086064505657
484,487,4.914802811686344
484,488,6.165266689617389
485,486,3.8001132719234323
485,487,5.4011214850760565
485,488,5.22082412377097
485,489,6.125055329427458
486,487,3.802430662335315
486,488,5.510018557580358
486,489,4.953813209630302
486,490,6.212429497245382
487,488,3.8106719673875413
487,489,5.371035505569985
487,490,5.141298900501573
487,491,6.4231442957145735
488,489,3.8379410444487383
488,490,5.397695937223912
488,491,5.009879254937848
488,492,6.208646709342425
489,490,3.8074701662175623
489,491,5.350982532906899
489,492,5.247467697215085
489,493,5.941313840990372
490,491,3.79580505617427
490,492,5.722939919488139
490,493,5.466469686178875
490,494,5.75626376320872
491,492,3.8144479871937795
491,493,5.657069168710542
491,494,5.195840265357675
491,495,6.457735596010896
492,493,3.7820672054200415
492,494,5.495332237535346
492,495,5.354322735375578
492,496,6.306289856387698
493,494,3.8328640479827043
493,495,5.290037135236582
493,496,4.67480330761048
493,497,5.876704116838898
494,495,3.8412731765500805
494,496,5.419604665560004
494,497,5.023007041903498
494,498,6.258032318923204
495,496,3.824862775645594
495,497,5.4053598169419175
495,498,5.156111397610679
495,499,6.159056092488935
496,497,3.819785152373382
496,498,5.519249976395477
496,499,5.024551748906134
496,500,6.650923587521386
496,562,7.703493685057601
497,498,3.8136876649780254
497,499,5.348101041736718
497,500,5.3781850203016095
497,501,7.7652826552855485
498,499,3.806863739785761
498,500,5.388906581927736
498,501,5.940577842909547
498,502,7.7335931284982955
499,500,3.828187274776524
499,501,5.349691360569493
499,502,5.287379778592166
499,503,6.919457621625133
499,506,6.860006166534416
499,509,6.776378547948728
499,510,7.821960876644109
500,501,3.8360528233922313
500,502,5.2691370051801565
500,503,5.551796209319306
501,502,3.8121963965670824
501,503,5.986445172568657
502,503,3.7946651984775306
502,504,5.374966288559606
502,505,5.339256394835717
502,506,5.999815712079783
502,509,6.96173649489293
503,504,3.811329749010236
503,505,5.5867130006455366
503,506,5.711293715968912
503,558,7.850592684011328
504,505,3.8381780174125395
504,506,6.198957938477642
505,506,3.8073311763535083
505,507,5.52264212612802
505,508,5.390389075561198
505,509,6.032828697604081
506,507,3.814818675968728
506,508,5.49648190359635
506,509,4.939650951304529
506,510,5.979976123961236
506,561,6.991243833651469
506,562,6.384556770511534
506,565,5.726874418470774
507,508,3.805418147415115
507,509,5.48695039106375
507,510,5.4061234213133424
507,511,5.726504116698081
507,562,7.93070985650109
507,564,7.844818107422915
507,565,4.469869432420875
507,566,7.316929546491048
507,568,7.062199836810764
508,509,3.7904285843587644
508,510,5.599670508659023
508,511,5.233377937958604
508,565,7.907498902228853
509,510,3.8317754470719154
509,511,5.826960650459092
509,512,7.8657128140759
510,511,3.8180705304034177
510,512,5.827317868077401
510,513,5.194146447962047
510,514,5.881150660949626
510,562,7.822877213275306
510,565,5.965117684062146
510,566,5.750628137778175
511,512,3.8452917498956687
511,513,5.433085868812776
511,514,4.942726140300934
511,515,6.374160366843265
511,565,7.076300301245026
511,566,6.844868106219538
511,568,7.382470563135033
511,569,6.559390685645393
512,513,3.8359504484073437
512,514,5.3147428319345265
512,515,5.13687206364312
512,516,6.2080541241550415
513,514,3.8287311567809446
513,515,5.480153705487974
513,516,4.98430162978071
513,517,6.068080126847799
513,566,6.695665195109434
514,515,3.7992603579619124
514,516,5.43379053403059
514,517,5.254846935722503
514,518,6.295975366889594
514,565,7.2026446065934335
514,566,4.485539390922567
514,567,5.89059923430317
514,568,6.57032272788764
514,569,5.442183927988132
514,570,6.815739471300961
515,516,3.8380961996471905
515,517,5.60236481282758
515,518,5.244064547893862
515,519,5.80701005074477
515,520,7.880402190508266
515,569,5.4732248659505585
515,570,6.492611434006238
516,517,3.8133679671241065
516,518,5.4304729133165175
516,519,5.358724296354266
516,520,5.329721075009505
516,521,6.363949306747186
517,518,3.84017483449646
517,519,6.022442429094105
517,520,5.922821647451268
517,521,4.699560987369675
517,522,5.77030033642871
517,523,5.585744147749131
517,566,7.819279831670478
518,519,3.805580256085897
518,520,5.867494551694605
518,521,5.971375248006883
518,522,4.885241034532189
518,523,6.1101547254348
518,524,7.638444444571623
518,567,7.995711781504109
518,569,7.527918790653385
518,570,5.4698278488372365
518,571,7.535917655125984
519,520,3.7692484876410326
519,521,6.2341655964451075
519,522,6.175454140785106
519,570,7.841063387036276
520,521,3.7891636622108407
520,522,5.760041537510023
521,522,3.8291527551045648
521,523,5.546226845668856
522,523,3.787621561065443
522,524,6.317202993174368
523,524,3.8126170754900492
523,525,6.058206502562315
523,527,7.102516160118398
524,525,3.862031104695552
524,526,5.415155215292257
524,527,5.990765016655288
525,526,3.8124365862791474
525,527,5.162994258648129
525,528,5.320498591417147
525,529,7.028906172675
525,563,7.0027135563345375
525,566,7.301531445503737
525,567,5.537595697256921
526,527,3.871740481309691
526,528,5.376610044220446
526,529,5.178902064509652
526,530,6.396940718351471
527,528,3.8459956302303953
527,529,5.427508659952662
527,530,5.073678827080855
527,531,6.115951394218156
528,529,3.7995869902583994
528,530,5.491292316980893
528,531,5.127244880930999
528,532,6.136889449833669
528,563,5.128952583597399
528,566,7.702812212969113
529,530,3.803632339779922
529,531,5.399723189279685
529,532,4.954594577694804
529,533,6.2196836682421965
529,559,7.291953033313307
529,560,6.825804493584226
529,563,5.845368634494341
530,531,3.7752788731110707
530,532,5.367191795962439
530,533,5.016891793879975
530,534,6.254766254296023
531,532,3.8491568534171763
531,533,5.339004951477713
531,534,4.9929360833449685
531,535,5.982071347890464
532,533,3.8036384604858546
532,534,5.464016538094868
532,535,4.953465242694605
532,536,6.26185900055188
532,556,7.838786864424746
532,559,5.029687064818432
532,560,7.211176383814275
532,563,7.5475751076008795
533,534,3.817432957485726
533,535,5.412764091522446
533,536,5.259068963822597
533,537,6.444884851823758
533,559,7.755717939964206
534,535,3.807384281885817
534,536,5.423772600211817
534,537,5.032110137353685
534,538,6.141157049069532
535,536,3.807514540085475
535,537,5.413038617763764
535,538,5.026394181015242
535,539,6.148813450354968
536,537,3.834824694411354
536,538,5.441992727369943
536,539,5.156031107545815
536,540,6.135675128649975
536,552,7.237827899047354
536,555,7.08453105667774
536,556,7.401404024286056
537,538,3.8302538597029097
537,539,5.540767401289963
537,540,5.005449609727896
537,541,6.129194908218913
538,539,3.8132359479654103
538,540,5.297884221264331
538,541,4.970291770197747
538,542,5.877550742752577
539,540,3.823092561742945
539,541,5.491037967766005
539,542,4.979268040834231
539,543,5.827001718893246
539,544,7.818957433838595
539,547,6.9870244836154844
540,541,3.8337610940868814
540,542,5.466935144568106
540,543,5.450397887921781
540,544,5.328126838473205
540,545,7.721218905714064
540,547,5.482064141875014
541,542,3.7777343890572843
541,543,5.862233941242445
541,544,5.487861658410897
542,543,3.8352025529244664
542,544,5.8012619668630805
543,544,3.7882196189435584
543,545,6.326771239752569
543,546,5.406400078565203
543,547,5.639643814470599
544,545,3.7925588508702734
544,546,5.458414091396946
544,547,5.775666531280549
545,546,3.8207681688505484
545,547,5.296661116333366
545,548,5.957321441683189
546,547,3.8456650222213793
546,548,5.433923133233849
547,548,3.8019414359995425
547,549,6.82359892384304
547,551,5.68773797334928
547,552,6.1541248618715905
548,549,3.836255749567983
548,550,5.519260809855769
548,551,5.1025540664015345
548,552,6.028589784653335
549,550,3.837766589431956
549,551,5.538014156907766
549,552,5.057271124267895
549,553,6.185121307534782
550,551,3.865746895662659
550,552,5.3607555580362645
550,553,4.960868973081189
550,554,6.359364128679814
551,552,3.795918268139914
551,553,5.428964338308202
551,554,5.122426948469624
551,555,6.333891204505574
552,553,3.8622308426582004
552,554,5.356565509935188
552,555,5.0480805515916325
552,556,6.056438739428903
553,554,3.8134939667307526
553,555,5.544525344943454
553,556,5.093694430943604
553,557,6.5285235833841595
554,555,3.8339810178802565
554,556,5.450736005328722
554,557,5.335099916777022
554,558,6.529487225913353
555,556,3.828601640340323
555,557,5.3332068308435305
555,558,4.850668423037547
555,559,6.109751470665221
556,557,3.81636111435582
556,558,5.370857472487683
556,559,5.25395920316759
556,560,6.056359593673238
557,558,3.8153689120208667
557,559,5.677141018695049
557,560,5.243151265283489
557,561,5.882224543217349
558,559,3.8072886248924136
558,560,5.4971884115933705
558,561,4.935433696522393
558,562,6.168254347927865
559,560,3.8439212478348193
559,561,5.375214962867568
559,562,5.231543629696733
559,563,6.09713813636652
560,561,3.848692042173268
560,562,5.624679124255871
560,563,5.127367341968322
560,564,5.983919677905546
561,562,3.85569655816445
561,563,5.527620418429123
561,564,5.1423960916676785
561,565,6.050016164902552
562,563,3.8343676967722384
562,564,5.423811025320865
562,565,4.941187693144099
562,566,6.028724904048272
563,564,3.7946645561042516
563,565,5.426204731277353
563,566,5.120054701422043
563,567,6.137254965561959
564,565,3.809141935677061
564,566,5.477935868313037
564,567,5.043603972407757
564,568,5.983982070842459
565,566,3.8199638509909373
565,567,5.401645496321715
565,568,5.163914284090042
566,567,3.829449336560576
566,568,5.684876408892196
566,569,7.2621385164343595
567,568,3.8038707469437587
567,569,5.826132705337362
567,570,5.621889986713174
568,569,3.809266609547748
568,570,5.609941345329835
569,570,3.804456023791461
569,571,6.3516802931107845
570,571,3.8021756844724552
